,Date,Open,High,Low,Close
0,2011-05-06,99.67,99.67,99.67,99.67
1,2011-05-09,99.67,99.67,99.67,99.67
2,2011-05-10,101.1,101.1,101.1,101.1
3,2011-05-11,100.7,100.7,100.7,100.7
4,2011-05-12,97.81,97.81,97.81,97.81
5,2011-05-13,98.45,98.45,98.45,98.45
6,2011-05-16,97.16,97.16,97.16,97.16
7,2011-05-17,97.47,97.47,97.47,97.47
8,2011-05-18,97.96,97.96,97.96,97.96
9,2011-05-19,99.59,99.59,99.59,99.59
10,2011-05-20,99.14,99.14,99.14,99.14
11,2011-05-23,97.58,97.58,97.58,97.58
12,2011-05-24,98.17,98.17,98.17,98.17
13,2011-05-25,98.02,98.02,98.02,98.02
14,2011-05-26,98.96,98.96,98.96,98.96
15,2011-05-27,99.36,99.36,99.36,99.36
16,2011-05-31,100.5,100.5,100.5,100.5
17,2011-06-01,101.1,101.1,101.1,101.1
18,2011-06-02,98.79,98.79,98.79,98.79
19,2011-06-03,98.8,98.8,98.8,98.8
20,2011-06-06,98.27,98.27,98.27,98.27
21,2011-06-07,97.78,97.78,97.78,97.78
22,2011-06-08,96.86,96.86,96.86,96.86
23,2011-06-09,96.64,96.64,96.64,96.64
24,2011-06-10,98.25,98.25,98.25,98.25
25,2011-06-13,96.84,96.84,96.84,96.84
26,2011-06-14,96.04,96.04,96.04,96.04
27,2011-06-15,97.51,97.51,97.51,97.51
28,2011-06-16,95.52,95.52,95.52,95.52
29,2011-06-17,95.39,95.39,95.39,95.39
30,2011-06-20,94.2,94.2,94.2,94.2
31,2011-06-21,95.66,95.66,95.66,95.66
32,2011-06-22,96.91,96.91,96.91,96.91
33,2011-06-23,96.64,96.64,96.64,96.64
34,2011-06-24,96.72,96.72,96.72,96.72
35,2011-06-27,95.69,95.69,95.69,95.69
36,2011-06-28,96.58,96.58,96.58,96.58
37,2011-06-29,99.18,99.18,99.18,99.18
38,2011-06-30,100.1,100.1,100.1,100.1
39,2011-07-01,100.9,100.9,100.9,100.9
40,2011-07-04,101.4,101.4,101.4,101.4
41,2011-07-05,101.2,101.2,101.2,101.2
42,2011-07-06,101.9,101.9,101.9,101.9
43,2011-07-07,102.4,102.4,102.4,102.4
44,2011-07-08,103.5,103.5,103.5,103.5
45,2011-07-11,102.0,102.0,102.0,102.0
46,2011-07-12,100.4,100.4,100.4,100.4
47,2011-07-13,101.5,101.5,101.5,101.5
48,2011-07-14,100.9,100.9,100.9,100.9
49,2011-07-15,100.2,100.2,100.2,100.2
50,2011-07-18,100.3,100.3,100.3,100.3
51,2011-07-19,100.7,100.7,100.7,100.7
52,2011-07-20,101.9,101.9,101.9,101.9
53,2011-07-21,101.2,101.2,101.2,101.2
54,2011-07-22,102.5,102.5,102.5,102.5
55,2011-07-25,102.1,102.1,102.1,102.1
56,2011-07-26,102.3,102.3,102.3,102.3
57,2011-07-27,102.0,102.0,102.0,102.0
58,2011-07-28,100.1,100.1,100.1,100.1
59,2011-07-29,99.43,99.43,99.43,99.43
60,2011-08-01,99.94,99.94,99.94,99.94
61,2011-08-02,97.85,97.85,97.85,97.85
62,2011-08-03,95.76,95.76,95.76,95.76
63,2011-08-04,93.67,93.67,93.67,93.67
64,2011-08-05,89.27,89.27,89.27,89.27
65,2011-08-08,86.13,86.13,86.13,86.13
66,2011-08-09,83.53,83.53,83.53,83.53
67,2011-08-10,87.74,87.74,87.74,87.74
68,2011-08-11,86.73,86.73,86.73,86.73
69,2011-08-12,88.65,88.65,88.65,88.65
70,2011-08-15,90.16,90.16,90.16,90.16
71,2011-08-16,89.16,89.16,89.16,89.16
72,2011-08-17,89.8,89.8,89.8,89.8
73,2011-08-18,87.58,87.58,87.58,87.58
74,2011-08-19,83.35,83.35,83.35,83.35
75,2011-08-22,85.12,85.12,85.12,85.12
76,2011-08-23,85.15,85.15,85.15,85.15
77,2011-08-24,85.49,85.49,85.49,85.49
78,2011-08-25,87.85,87.85,87.85,87.85
79,2011-08-26,86.87,86.87,86.87,86.87
80,2011-08-30,90.47,90.47,90.47,90.47
81,2011-08-31,91.83,91.83,91.83,91.83
82,2011-09-01,92.56,92.56,92.56,92.56
83,2011-09-02,91.26,91.26,91.26,91.26
84,2011-09-05,88.78,88.78,88.78,88.78
85,2011-09-06,88.73,88.73,88.73,88.73
86,2011-09-07,91.3,91.3,91.3,91.3
87,2011-09-08,92.73,92.73,92.73,92.73
88,2011-09-09,91.92,91.92,91.92,91.92
89,2011-09-12,87.84,87.84,87.84,87.84
90,2011-09-13,88.13,88.13,88.13,88.13
91,2011-09-14,90.24,90.24,90.24,90.24
92,2011-09-15,91.34,91.34,91.34,91.34
93,2011-09-16,92.11,92.11,92.11,92.11
94,2011-09-19,90.27,90.27,90.27,90.27
95,2011-09-20,90.9,90.9,90.9,90.9
96,2011-09-21,89.83,89.83,89.83,89.83
97,2011-09-22,84.39,84.39,84.39,84.39
98,2011-09-23,81.44,81.44,81.44,81.44
99,2011-09-26,81.77,81.77,81.77,81.77
100,2011-09-27,84.23,84.23,84.23,84.23
101,2011-09-28,84.71,84.71,84.71,84.71
102,2011-09-29,81.9,81.9,81.9,81.9
103,2011-09-30,80.62,80.62,80.62,80.62
104,2011-10-03,79.38,79.38,79.38,79.38
105,2011-10-04,76.55,76.55,76.55,76.55
106,2011-10-05,79.26,79.26,79.26,79.26
107,2011-10-06,83.19,83.19,83.19,83.19
108,2011-10-07,83.78,83.78,83.78,83.78
109,2011-10-10,84.33,84.33,84.33,84.33
110,2011-10-11,85.03,85.03,85.03,85.03
111,2011-10-12,86.75,86.75,86.75,86.75
112,2011-10-13,86.61,86.61,86.61,86.61
113,2011-10-14,87.35,87.35,87.35,87.35
114,2011-10-17,88.82,88.82,88.82,88.82
115,2011-10-18,86.41,86.41,86.41,86.41
116,2011-10-19,87.9,87.9,87.9,87.9
117,2011-10-20,86.66,86.66,86.66,86.66
118,2011-10-21,86.26,86.26,86.26,86.26
119,2011-10-24,88.09,88.09,88.09,88.09
120,2011-10-25,89.57,89.57,89.57,89.57
121,2011-10-26,88.45,88.45,88.45,88.45
122,2011-10-27,92.6,92.6,92.6,92.6
123,2011-10-28,92.87,92.87,92.87,92.87
124,2011-10-31,91.95,91.95,91.95,91.95
125,2011-11-01,87.61,87.61,87.61,87.61
126,2011-11-02,88.34,88.34,88.34,88.34
127,2011-11-03,89.19,89.19,89.19,89.19
128,2011-11-04,90.93,90.93,90.93,90.93
129,2011-11-07,89.83,89.83,89.83,89.83
130,2011-11-08,91.29,91.29,91.29,91.29
131,2011-11-09,90.02,90.02,90.02,90.02
132,2011-11-10,89.82,89.82,89.82,89.82
133,2011-11-11,89.35,89.35,89.35,89.35
134,2011-11-14,90.62,90.62,90.62,90.62
135,2011-11-15,89.19,89.19,89.19,89.19
136,2011-11-16,89.61,89.61,89.61,89.61
137,2011-11-17,88.99,88.99,88.99,88.99
138,2011-11-18,88.19,88.19,88.19,88.19
139,2011-11-21,86.21,86.21,86.21,86.21
140,2011-11-22,86.84,86.84,86.84,86.84
141,2011-11-23,85.13,85.13,85.13,85.13
142,2011-11-24,85.23,85.23,85.23,85.23
143,2011-11-25,83.8,83.8,83.8,83.8
144,2011-11-28,86.22,86.22,86.22,86.22
145,2011-11-29,87.21,87.21,87.21,87.21
146,2011-11-30,88.04,88.04,88.04,88.04
147,2011-12-01,90.68,90.68,90.68,90.68
148,2011-12-02,92.0,92.0,92.0,92.0
149,2011-12-05,91.67,91.67,91.67,91.67
150,2011-12-06,91.15,91.15,91.15,91.15
151,2011-12-07,91.85,91.85,91.85,91.85
152,2011-12-08,91.09,91.09,91.09,91.09
153,2011-12-09,90.01,90.01,90.01,90.01
154,2011-12-12,89.49,89.49,89.49,89.49
155,2011-12-13,88.9,88.9,88.9,88.9
156,2011-12-14,87.76,87.76,87.76,87.76
157,2011-12-15,86.29,86.29,86.29,86.29
158,2011-12-16,87.07,87.07,87.07,87.07
159,2011-12-19,87.04,87.04,87.04,87.04
160,2011-12-20,85.96,85.96,85.96,85.96
161,2011-12-21,87.75,87.75,87.75,87.75
162,2011-12-22,88.05,88.05,88.05,88.05
163,2011-12-23,89.02,89.02,89.02,89.02
164,2011-12-28,89.2,89.2,89.2,89.2
165,2011-12-29,88.86,88.86,88.86,88.86
166,2011-12-30,89.3,89.3,89.3,89.3
167,2012-01-03,91.41,91.41,91.41,91.41
168,2012-01-04,92.02,92.02,92.02,92.02
169,2012-01-05,91.55,91.55,91.55,91.55
170,2012-01-06,92.44,92.44,92.44,92.44
171,2012-01-09,92.14,92.14,92.14,92.14
172,2012-01-10,93.57,93.57,93.57,93.57
173,2012-01-11,94.0,94.0,94.0,94.0
174,2012-01-12,94.71,94.71,94.71,94.71
175,2012-01-13,94.25,94.25,94.25,94.25
176,2012-01-16,93.83,93.83,93.83,93.83
177,2012-01-17,95.02,95.02,95.02,95.02
178,2012-01-18,94.88,94.88,94.88,94.88
179,2012-01-19,95.24,95.24,95.24,95.24
180,2012-01-20,94.84,94.84,94.84,94.84
181,2012-01-23,94.69,94.69,94.69,94.69
182,2012-01-24,94.56,94.56,94.56,94.56
183,2012-01-25,94.63,94.63,94.63,94.63
184,2012-01-26,96.07,96.07,96.07,96.07
185,2012-01-27,95.76,95.76,95.76,95.76
186,2012-01-30,94.83,94.83,94.83,94.83
187,2012-01-31,94.65,94.65,94.65,94.65
188,2012-02-01,94.74,94.74,94.74,94.74
189,2012-02-02,94.92,94.92,94.92,94.92
190,2012-02-03,95.02,95.02,95.02,95.02
191,2012-02-06,95.82,95.82,95.82,95.82
192,2012-02-07,95.79,95.79,95.79,95.79
193,2012-02-08,95.89,95.89,95.89,95.89
194,2012-02-09,96.13,96.13,96.13,96.13
195,2012-02-10,95.08,95.08,95.08,95.08
196,2012-02-13,95.96,95.96,95.96,95.96
197,2012-02-14,95.86,95.86,95.86,95.86
198,2012-02-15,95.98,95.98,95.98,95.98
199,2012-02-16,95.1,95.1,95.1,95.1
200,2012-02-17,95.83,95.83,95.83,95.83
201,2012-02-20,96.66,96.66,96.66,96.66
202,2012-02-21,96.23,96.23,96.23,96.23
203,2012-02-22,97.45,97.45,97.45,97.45
204,2012-02-23,98.08,98.08,98.08,98.08
205,2012-02-24,98.1,98.1,98.1,98.1
206,2012-02-27,96.92,96.92,96.92,96.92
207,2012-02-28,97.71,97.71,97.71,97.71
208,2012-02-29,97.82,97.82,97.82,97.82
209,2012-03-01,96.6,96.6,96.6,96.6
210,2012-03-02,97.48,97.48,97.48,97.48
211,2012-03-05,96.59,96.59,96.59,96.59
212,2012-03-06,94.4,94.4,94.4,94.4
213,2012-03-07,93.58,93.58,93.58,93.58
214,2012-03-08,94.62,94.62,94.62,94.62
215,2012-03-09,94.38,94.38,94.38,94.38
216,2012-03-12,95.4,95.4,95.4,95.4
217,2012-03-13,95.6,95.6,95.6,95.6
218,2012-03-14,95.73,95.73,95.73,95.73
219,2012-03-15,94.8,94.8,94.8,94.8
220,2012-03-16,94.79,94.79,94.79,94.79
221,2012-03-19,94.86,94.86,94.86,94.86
222,2012-03-20,94.2,94.2,94.2,94.2
223,2012-03-21,93.95,93.95,93.95,93.95
224,2012-03-22,92.88,92.88,92.88,92.88
225,2012-03-23,92.03,92.03,92.03,92.03
226,2012-03-26,92.77,92.77,92.77,92.77
227,2012-03-27,93.7,93.7,93.7,93.7
228,2012-03-28,92.8,92.8,92.8,92.8
229,2012-03-29,91.63,91.63,91.63,91.63
230,2012-03-30,91.67,91.67,91.67,91.67
231,2012-04-02,91.56,91.56,91.56,91.56
232,2012-04-03,92.75,92.75,92.75,92.75
233,2012-04-04,91.1,91.1,91.1,91.1
234,2012-04-05,90.61,90.61,90.61,90.61
235,2012-04-10,89.73,89.73,89.73,89.73
236,2012-04-11,89.22,89.22,89.22,89.22
237,2012-04-12,88.72,88.72,88.72,88.72
238,2012-04-13,90.51,90.51,90.51,90.51
239,2012-04-16,89.78,89.78,89.78,89.78
240,2012-04-17,89.2,89.2,89.2,89.2
241,2012-04-18,90.24,90.24,90.24,90.24
242,2012-04-19,90.15,90.15,90.15,90.15
243,2012-04-20,89.87,89.87,89.87,89.87
244,2012-04-23,88.23,88.23,88.23,88.23
245,2012-04-24,88.12,88.12,88.12,88.12
246,2012-04-25,89.61,89.61,89.61,89.61
247,2012-04-26,89.52,89.52,89.52,89.52
248,2012-04-27,89.82,89.82,89.82,89.82
249,2012-04-30,89.94,89.94,89.94,89.94
250,2012-05-01,89.73,89.73,89.73,89.73
251,2012-05-02,90.68,90.68,90.68,90.68
252,2012-05-03,89.92,89.92,89.92,89.92
253,2012-05-04,88.46,88.46,88.46,88.46
254,2012-05-08,85.52,85.52,85.52,85.52
255,2012-05-09,84.16,84.16,84.16,84.16
256,2012-05-10,84.98,84.98,84.98,84.98
257,2012-05-11,84.81,84.81,84.81,84.81
258,2012-05-14,83.55,83.55,83.55,83.55
259,2012-05-15,83.2,83.2,83.2,83.2
260,2012-05-16,81.81,81.81,81.81,81.81
261,2012-05-17,81.69,81.69,81.69,81.69
262,2012-05-18,81.26,81.26,81.26,81.26
263,2012-05-21,81.42,81.42,81.42,81.42
264,2012-05-22,82.55,82.55,82.55,82.55
265,2012-05-23,81.18,81.18,81.18,81.18
266,2012-05-24,82.47,82.47,82.47,82.47
267,2012-05-25,82.2,82.2,82.2,82.2
268,2012-05-28,83.01,83.01,83.01,83.01
269,2012-05-29,83.21,83.21,83.21,83.21
270,2012-05-30,82.6,82.6,82.6,82.6
271,2012-05-31,82.52,82.52,82.52,82.52
272,2012-06-01,81.19,81.19,81.19,81.19
273,2012-06-06,82.56,82.56,82.56,82.56
274,2012-06-07,83.58,83.58,83.58,83.58
275,2012-06-08,82.39,82.39,82.39,82.39
276,2012-06-11,83.78,83.78,83.78,83.78
277,2012-06-12,82.34,82.34,82.34,82.34
278,2012-06-13,82.83,82.83,82.83,82.83
279,2012-06-14,82.49,82.49,82.49,82.49
280,2012-06-15,84.03,84.03,84.03,84.03
281,2012-06-18,84.16,84.16,84.16,84.16
282,2012-06-19,84.49,84.49,84.49,84.49
283,2012-06-20,85.59,85.59,85.59,85.59
284,2012-06-21,84.83,84.83,84.83,84.83
285,2012-06-22,82.76,82.76,82.76,82.76
286,2012-06-25,82.11,82.11,82.11,82.11
287,2012-06-26,81.72,81.72,81.72,81.72
288,2012-06-27,82.17,82.17,82.17,82.17
289,2012-06-28,82.99,82.99,82.99,82.99
290,2012-06-29,85.07,85.07,85.07,85.07
291,2012-07-02,85.72,85.72,85.72,85.72
292,2012-07-03,85.95,85.95,85.95,85.95
293,2012-07-04,87.48,87.48,87.48,87.48
294,2012-07-05,87.86,87.86,87.86,87.86
295,2012-07-06,87.31,87.31,87.31,87.31
296,2012-07-09,85.95,85.95,85.95,85.95
297,2012-07-10,86.19,86.19,86.19,86.19
298,2012-07-11,84.62,84.62,84.62,84.62
299,2012-07-12,83.93,83.93,83.93,83.93
300,2012-07-13,84.44,84.44,84.44,84.44
301,2012-07-16,84.95,84.95,84.95,84.95
302,2012-07-17,84.58,84.58,84.58,84.58
303,2012-07-18,84.92,84.92,84.92,84.92
304,2012-07-19,85.58,85.58,85.58,85.58
305,2012-07-20,85.74,85.74,85.74,85.74
306,2012-07-23,84.56,84.56,84.56,84.56
307,2012-07-24,85.79,85.79,85.79,85.79
308,2012-07-25,85.55,85.55,85.55,85.55
309,2012-07-26,85.83,85.83,85.83,85.83
310,2012-07-27,86.14,86.14,86.14,86.14
311,2012-07-30,87.6,87.6,87.6,87.6
312,2012-07-31,87.91,87.91,87.91,87.91
313,2012-08-01,87.46,87.46,87.46,87.46
314,2012-08-02,87.92,87.92,87.92,87.92
315,2012-08-03,87.82,87.82,87.82,87.82
316,2012-08-06,88.32,88.32,88.32,88.32
317,2012-08-07,88.74,88.74,88.74,88.74
318,2012-08-08,89.61,89.61,89.61,89.61
319,2012-08-09,89.86,89.86,89.86,89.86
320,2012-08-10,90.37,90.37,90.37,90.37
321,2012-08-13,89.92,89.92,89.92,89.92
322,2012-08-14,89.72,89.72,89.72,89.72
323,2012-08-15,89.36,89.36,89.36,89.36
324,2012-08-16,89.59,89.59,89.59,89.59
325,2012-08-17,90.26,90.26,90.26,90.26
326,2012-08-20,89.99,89.99,89.99,89.99
327,2012-08-21,89.97,89.97,89.97,89.97
328,2012-08-22,89.36,89.36,89.36,89.36
329,2012-08-23,89.29,89.29,89.29,89.29
330,2012-08-24,88.11,88.11,88.11,88.11
331,2012-08-28,88.28,88.28,88.28,88.28
332,2012-08-29,87.83,87.83,87.83,87.83
333,2012-08-30,86.8,86.8,86.8,86.8
334,2012-08-31,86.86,86.86,86.86,86.86
335,2012-09-03,87.46,87.46,87.46,87.46
336,2012-09-04,87.22,87.22,87.22,87.22
337,2012-09-05,86.34,86.34,86.34,86.34
338,2012-09-06,87.26,87.26,87.26,87.26
339,2012-09-07,88.76,88.76,88.76,88.76
340,2012-09-10,89.55,89.55,89.55,89.55
341,2012-09-11,89.05,89.05,89.05,89.05
342,2012-09-12,89.68,89.68,89.68,89.68
343,2012-09-13,89.48,89.48,89.48,89.48
344,2012-09-14,91.61,91.61,91.61,91.61
345,2012-09-17,91.9,91.9,91.9,91.9
346,2012-09-18,90.92,90.92,90.92,90.92
347,2012-09-19,91.29,91.29,91.29,91.29
348,2012-09-20,90.96,90.96,90.96,90.96
349,2012-09-21,90.72,90.72,90.72,90.72
350,2012-09-24,89.98,89.98,89.98,89.98
351,2012-09-25,90.28,90.28,90.28,90.28
352,2012-09-26,89.47,89.47,89.47,89.47
353,2012-09-27,89.28,89.28,89.28,89.28
354,2012-09-28,90.2,90.2,90.2,90.2
355,2012-10-01,90.19,90.19,90.19,90.19
356,2012-10-02,91.24,91.24,91.24,91.24
357,2012-10-03,90.61,90.61,90.61,90.61
358,2012-10-04,89.88,89.88,89.88,89.88
359,2012-10-05,90.6,90.6,90.6,90.6
360,2012-10-08,90.93,90.93,90.93,90.93
361,2012-10-09,91.46,91.46,91.46,91.46
362,2012-10-10,90.97,90.97,90.97,90.97
363,2012-10-11,90.12,90.12,90.12,90.12
364,2012-10-12,90.68,90.68,90.68,90.68
365,2012-10-15,90.24,90.24,90.24,90.24
366,2012-10-16,90.32,90.32,90.32,90.32
367,2012-10-17,91.31,91.31,91.31,91.31
368,2012-10-18,91.98,91.98,91.98,91.98
369,2012-10-19,92.23,92.23,92.23,92.23
370,2012-10-22,91.7,91.7,91.7,91.7
371,2012-10-23,90.3,90.3,90.3,90.3
372,2012-10-24,89.74,89.74,89.74,89.74
373,2012-10-25,89.53,89.53,89.53,89.53
374,2012-10-26,88.63,88.63,88.63,88.63
375,2012-10-29,88.92,88.92,88.92,88.92
376,2012-10-31,90.29,90.29,90.29,90.29
377,2012-11-01,89.48,89.48,89.48,89.48
378,2012-11-02,90.55,90.55,90.55,90.55
379,2012-11-05,89.9,89.9,89.9,89.9
380,2012-11-06,90.22,90.22,90.22,90.22
381,2012-11-07,90.8,90.8,90.8,90.8
382,2012-11-08,88.97,88.97,88.97,88.97
383,2012-11-09,87.94,87.94,87.94,87.94
384,2012-11-12,88.36,88.36,88.36,88.36
385,2012-11-13,87.65,87.65,87.65,87.65
386,2012-11-14,87.96,87.96,87.96,87.96
387,2012-11-15,86.6,86.6,86.6,86.6
388,2012-11-16,86.15,86.15,86.15,86.15
389,2012-11-19,87.08,87.08,87.08,87.08
390,2012-11-20,87.88,87.88,87.88,87.88
391,2012-11-21,87.83,87.83,87.83,87.83
392,2012-11-22,88.09,88.09,88.09,88.09
393,2012-11-23,88.19,88.19,88.19,88.19
394,2012-11-26,88.21,88.21,88.21,88.21
395,2012-11-27,88.26,88.26,88.26,88.26
396,2012-11-28,87.58,87.58,87.58,87.58
397,2012-11-29,88.51,88.51,88.51,88.51
398,2012-11-30,88.3,88.3,88.3,88.3
399,2012-12-03,88.18,88.18,88.18,88.18
400,2012-12-04,87.28,87.28,87.28,87.28
401,2012-12-05,87.25,87.25,87.25,87.25
402,2012-12-06,87.4,87.4,87.4,87.4
403,2012-12-07,87.61,87.61,87.61,87.61
404,2012-12-10,87.31,87.31,87.31,87.31
405,2012-12-11,88.27,88.27,88.27,88.27
406,2012-12-12,88.55,88.55,88.55,88.55
407,2012-12-13,88.83,88.83,88.83,88.83
408,2012-12-14,88.5,88.5,88.5,88.5
409,2012-12-17,88.36,88.36,88.36,88.36
410,2012-12-18,88.93,88.93,88.93,88.93
411,2012-12-19,89.36,89.36,89.36,89.36
412,2012-12-20,89.1,89.1,89.1,89.1
413,2012-12-21,88.16,88.16,88.16,88.16
414,2012-12-24,89.02,89.02,89.02,89.02
415,2012-12-27,89.12,89.12,89.12,89.12
416,2012-12-28,89.18,89.18,89.18,89.18
417,2012-12-31,88.13,88.13,88.13,88.13
418,2013-01-02,90.63,90.63,90.63,90.63
419,2013-01-03,91.11,91.11,91.11,91.11
420,2013-01-04,91.19,91.19,91.19,91.19
421,2013-01-07,91.7,91.7,91.7,91.7
422,2013-01-08,91.18,91.18,91.18,91.18
423,2013-01-09,91.28,91.28,91.28,91.28
424,2013-01-10,91.57,91.57,91.57,91.57
425,2013-01-11,91.71,91.71,91.71,91.71
426,2013-01-14,92.04,92.04,92.04,92.04
427,2013-01-15,92.25,92.25,92.25,92.25
428,2013-01-16,92.14,92.14,92.14,92.14
429,2013-01-17,91.84,91.84,91.84,91.84
430,2013-01-18,92.77,92.77,92.77,92.77
431,2013-01-21,93.12,93.12,93.12,93.12
432,2013-01-22,93.29,93.29,93.29,93.29
433,2013-01-23,94.05,94.05,94.05,94.05
434,2013-01-24,94.2,94.2,94.2,94.2
435,2013-01-25,94.68,94.68,94.68,94.68
436,2013-01-28,95.08,95.08,95.08,95.08
437,2013-01-29,94.81,94.81,94.81,94.81
438,2013-01-30,95.43,95.43,95.43,95.43
439,2013-01-31,95.09,95.09,95.09,95.09
440,2013-02-01,94.5,94.5,94.5,94.5
441,2013-02-04,95.09,95.09,95.09,95.09
442,2013-02-05,94.69,94.69,94.69,94.69
443,2013-02-06,95.0,95.0,95.0,95.0
444,2013-02-07,94.83,94.83,94.83,94.83
445,2013-02-08,94.14,94.14,94.14,94.14
446,2013-02-11,94.46,94.46,94.46,94.46
447,2013-02-12,94.34,94.34,94.34,94.34
448,2013-02-13,95.19,95.19,95.19,95.19
449,2013-02-14,95.54,95.54,95.54,95.54
450,2013-02-15,95.5,95.5,95.5,95.5
451,2013-02-18,94.84,94.84,94.84,94.84
452,2013-02-19,94.91,94.91,94.91,94.91
453,2013-02-20,95.78,95.78,95.78,95.78
454,2013-02-21,93.76,93.76,93.76,93.76
455,2013-02-22,93.86,93.86,93.86,93.86
456,2013-02-25,94.57,94.57,94.57,94.57
457,2013-02-26,93.07,93.07,93.07,93.07
458,2013-02-27,93.64,93.64,93.64,93.64
459,2013-02-28,94.28,94.28,94.28,94.28
460,2013-03-01,94.53,94.53,94.53,94.53
461,2013-03-04,93.95,93.95,93.95,93.95
462,2013-03-05,93.76,93.76,93.76,93.76
463,2013-03-06,94.97,94.97,94.97,94.97
464,2013-03-07,95.54,95.54,95.54,95.54
465,2013-03-08,95.87,95.87,95.87,95.87
466,2013-03-11,97.08,97.08,97.08,97.08
467,2013-03-12,97.44,97.44,97.44,97.44
468,2013-03-13,96.82,96.82,96.82,96.82
469,2013-03-14,96.65,96.65,96.65,96.65
470,2013-03-15,96.29,96.29,96.29,96.29
471,2013-03-18,95.18,95.18,95.18,95.18
472,2013-03-19,95.05,95.05,95.05,95.05
473,2013-03-20,94.31,94.31,94.31,94.31
474,2013-03-21,93.97,93.97,93.97,93.97
475,2013-03-22,93.53,93.53,93.53,93.53
476,2013-03-25,93.8,93.8,93.8,93.8
477,2013-03-26,93.4,93.4,93.4,93.4
478,2013-03-27,93.58,93.58,93.58,93.58
479,2013-03-28,93.88,93.88,93.88,93.88
480,2013-04-02,93.27,93.27,93.27,93.27
481,2013-04-03,92.91,92.91,92.91,92.91
482,2013-04-04,92.33,92.33,92.33,92.33
483,2013-04-05,90.9,90.9,90.9,90.9
484,2013-04-08,91.07,91.07,91.07,91.07
485,2013-04-09,91.91,91.91,91.91,91.91
486,2013-04-10,92.94,92.94,92.94,92.94
487,2013-04-11,92.51,92.51,92.51,92.51
488,2013-04-12,92.54,92.54,92.54,92.54
489,2013-04-15,90.05,90.05,90.05,90.05
490,2013-04-16,88.45,88.45,88.45,88.45
491,2013-04-17,88.15,88.15,88.15,88.15
492,2013-04-18,87.48,87.48,87.48,87.48
493,2013-04-19,88.08,88.08,88.08,88.08
494,2013-04-22,88.39,88.39,88.39,88.39
495,2013-04-23,88.39,88.39,88.39,88.39
496,2013-04-24,89.12,89.12,89.12,89.12
497,2013-04-25,89.34,89.34,89.34,89.34
498,2013-04-26,89.82,89.82,89.82,89.82
499,2013-04-29,89.25,89.25,89.25,89.25
500,2013-04-30,90.45,90.45,90.45,90.45
501,2013-05-01,90.56,90.56,90.56,90.56
502,2013-05-02,89.35,89.35,89.35,89.35
503,2013-05-03,90.38,90.38,90.38,90.38
504,2013-05-07,91.5,91.5,91.5,91.5
505,2013-05-08,91.83,91.83,91.83,91.83
506,2013-05-09,92.43,92.43,92.43,92.43
507,2013-05-10,92.98,92.98,92.98,92.98
508,2013-05-13,92.57,92.57,92.57,92.57
509,2013-05-14,92.32,92.32,92.32,92.32
510,2013-05-15,93.17,93.17,93.17,93.17
511,2013-05-16,92.72,92.72,92.72,92.72
512,2013-05-17,92.59,92.59,92.59,92.59
513,2013-05-20,93.13,93.13,93.13,93.13
514,2013-05-21,94.06,94.06,94.06,94.06
515,2013-05-22,94.48,94.48,94.48,94.48
516,2013-05-23,93.17,93.17,93.17,93.17
517,2013-05-24,93.13,93.13,93.13,93.13
518,2013-05-28,93.45,93.45,93.45,93.45
519,2013-05-29,92.86,92.86,92.86,92.86
520,2013-05-30,93.1,93.1,93.1,93.1
521,2013-05-31,92.64,92.64,92.64,92.64
522,2013-06-03,91.25,91.25,91.25,91.25
523,2013-06-04,91.62,91.62,91.62,91.62
524,2013-06-05,90.64,90.64,90.64,90.64
525,2013-06-06,89.29,89.29,89.29,89.29
526,2013-06-07,88.64,88.64,88.64,88.64
527,2013-06-10,89.2,89.2,89.2,89.2
528,2013-06-11,88.15,88.15,88.15,88.15
529,2013-06-12,88.02,88.02,88.02,88.02
530,2013-06-13,86.84,86.84,86.84,86.84
531,2013-06-14,87.97,87.97,87.97,87.97
532,2013-06-17,87.81,87.81,87.81,87.81
533,2013-06-18,88.11,88.11,88.11,88.11
534,2013-06-19,88.17,88.17,88.17,88.17
535,2013-06-20,86.9,86.9,86.9,86.9
536,2013-06-21,86.1,86.1,86.1,86.1
537,2013-06-24,84.74,84.74,84.74,84.74
538,2013-06-25,84.08,84.08,84.08,84.08
539,2013-06-26,85.0,85.0,85.0,85.0
540,2013-06-27,85.77,85.77,85.77,85.77
541,2013-06-28,86.08,86.08,86.08,86.08
542,2013-07-01,86.29,86.29,86.29,86.29
543,2013-07-02,86.5,86.5,86.5,86.5
544,2013-07-03,85.57,85.57,85.57,85.57
545,2013-07-04,86.5,86.5,86.5,86.5
546,2013-07-05,88.2,88.2,88.2,88.2
547,2013-07-08,88.42,88.42,88.42,88.42
548,2013-07-09,89.22,89.22,89.22,89.22
549,2013-07-10,89.75,89.75,89.75,89.75
550,2013-07-11,90.31,90.31,90.31,90.31
551,2013-07-12,90.71,90.71,90.71,90.71
552,2013-07-15,90.67,90.67,90.67,90.67
553,2013-07-16,90.52,90.52,90.52,90.52
554,2013-07-17,89.93,89.93,89.93,89.93
555,2013-07-18,90.17,90.17,90.17,90.17
556,2013-07-19,90.55,90.55,90.55,90.55
557,2013-07-22,90.69,90.69,90.69,90.69
558,2013-07-23,91.12,91.12,91.12,91.12
559,2013-07-24,91.53,91.53,91.53,91.53
560,2013-07-25,90.48,90.48,90.48,90.48
561,2013-07-26,90.37,90.37,90.37,90.37
562,2013-07-29,90.23,90.23,90.23,90.23
563,2013-07-30,90.07,90.07,90.07,90.07
564,2013-07-31,89.97,89.97,89.97,89.97
565,2013-08-01,90.11,90.11,90.11,90.11
566,2013-08-02,90.54,90.54,90.54,90.54
567,2013-08-05,89.59,89.59,89.59,89.59
568,2013-08-06,89.2,89.2,89.2,89.2
569,2013-08-07,87.8,87.8,87.8,87.8
570,2013-08-08,87.61,87.61,87.61,87.61
571,2013-08-09,88.64,88.64,88.64,88.64
572,2013-08-12,88.65,88.65,88.65,88.65
573,2013-08-13,89.92,89.92,89.92,89.92
574,2013-08-14,89.9,89.9,89.9,89.9
575,2013-08-15,89.04,89.04,89.04,89.04
576,2013-08-16,88.94,88.94,88.94,88.94
577,2013-08-19,88.44,88.44,88.44,88.44
578,2013-08-20,87.32,87.32,87.32,87.32
579,2013-08-21,87.2,87.2,87.2,87.2
580,2013-08-22,87.15,87.15,87.15,87.15
581,2013-08-23,87.95,87.95,87.95,87.95
582,2013-08-27,88.16,88.16,88.16,88.16
583,2013-08-28,88.5,88.5,88.5,88.5
584,2013-08-29,88.43,88.43,88.43,88.43
585,2013-08-30,88.06,88.06,88.06,88.06
586,2013-09-02,88.46,88.46,88.46,88.46
587,2013-09-03,88.37,88.37,88.37,88.37
588,2013-09-04,88.09,88.09,88.09,88.09
589,2013-09-05,88.41,88.41,88.41,88.41
590,2013-09-06,88.67,88.67,88.67,88.67
591,2013-09-09,88.43,88.43,88.43,88.43
592,2013-09-10,89.43,89.43,89.43,89.43
593,2013-09-11,89.29,89.29,89.29,89.29
594,2013-09-12,89.37,89.37,89.37,89.37
595,2013-09-13,88.72,88.72,88.72,88.72
596,2013-09-16,89.35,89.35,89.35,89.35
597,2013-09-17,88.82,88.82,88.82,88.82
598,2013-09-18,88.59,88.59,88.59,88.59
599,2013-09-19,89.57,89.57,89.57,89.57
600,2013-09-20,89.31,89.31,89.31,89.31
601,2013-09-23,88.56,88.56,88.56,88.56
602,2013-09-24,88.47,88.47,88.47,88.47
603,2013-09-25,88.11,88.11,88.11,88.11
604,2013-09-26,88.18,88.18,88.18,88.18
605,2013-09-27,87.91,87.91,87.91,87.91
606,2013-09-30,86.63,86.63,86.63,86.63
607,2013-10-01,86.12,86.12,86.12,86.12
608,2013-10-02,85.82,85.82,85.82,85.82
609,2013-10-03,86.5,86.5,86.5,86.5
610,2013-10-04,86.64,86.64,86.64,86.64
611,2013-10-07,86.26,86.26,86.26,86.26
612,2013-10-08,86.41,86.41,86.41,86.41
613,2013-10-09,86.37,86.37,86.37,86.37
614,2013-10-10,86.94,86.94,86.94,86.94
615,2013-10-11,87.27,87.27,87.27,87.27
616,2013-10-14,87.38,87.38,87.38,87.38
617,2013-10-15,88.48,88.48,88.48,88.48
618,2013-10-16,87.72,87.72,87.72,87.72
619,2013-10-17,88.52,88.52,88.52,88.52
620,2013-10-18,88.34,88.34,88.34,88.34
621,2013-10-21,88.75,88.75,88.75,88.75
622,2013-10-22,89.13,89.13,89.13,89.13
623,2013-10-23,89.25,89.25,89.25,89.25
624,2013-10-24,89.03,89.03,89.03,89.03
625,2013-10-25,89.33,89.33,89.33,89.33
626,2013-10-28,89.44,89.44,89.44,89.44
627,2013-10-29,90.21,90.21,90.21,90.21
628,2013-10-30,90.43,90.43,90.43,90.43
629,2013-10-31,89.55,89.55,89.55,89.55
630,2013-11-01,89.7,89.7,89.7,89.7
631,2013-11-04,89.66,89.66,89.66,89.66
632,2013-11-05,90.04,90.04,90.04,90.04
633,2013-11-06,89.61,89.61,89.61,89.61
634,2013-11-07,90.0,90.0,90.0,90.0
635,2013-11-08,88.77,88.77,88.77,88.77
636,2013-11-11,89.71,89.71,89.71,89.71
637,2013-11-12,89.79,89.79,89.79,89.79
638,2013-11-13,89.2,89.2,89.2,89.2
639,2013-11-14,89.13,89.13,89.13,89.13
640,2013-11-15,89.47,89.47,89.47,89.47
641,2013-11-18,89.88,89.88,89.88,89.88
642,2013-11-19,89.66,89.66,89.66,89.66
643,2013-11-20,89.45,89.45,89.45,89.45
644,2013-11-21,89.13,89.13,89.13,89.13
645,2013-11-22,88.81,88.81,88.81,88.81
646,2013-11-25,89.26,89.26,89.26,89.26
647,2013-11-26,88.81,88.81,88.81,88.81
648,2013-11-27,88.0,88.0,88.0,88.0
649,2013-11-28,87.74,87.74,87.74,87.74
650,2013-11-29,87.95,87.95,87.95,87.95
651,2013-12-02,87.39,87.39,87.39,87.39
652,2013-12-03,86.69,86.69,86.69,86.69
653,2013-12-04,86.95,86.95,86.95,86.95
654,2013-12-05,87.25,87.25,87.25,87.25
655,2013-12-06,87.4,87.4,87.4,87.4
656,2013-12-09,87.34,87.34,87.34,87.34
657,2013-12-10,87.36,87.36,87.36,87.36
658,2013-12-11,87.4,87.4,87.4,87.4
659,2013-12-12,86.17,86.17,86.17,86.17
660,2013-12-13,86.28,86.28,86.28,86.28
661,2013-12-16,86.29,86.29,86.29,86.29
662,2013-12-17,87.02,87.02,87.02,87.02
663,2013-12-18,86.58,86.58,86.58,86.58
664,2013-12-19,87.3,87.3,87.3,87.3
665,2013-12-20,87.81,87.81,87.81,87.81
666,2013-12-23,88.08,88.08,88.08,88.08
667,2013-12-24,88.56,88.56,88.56,88.56
668,2013-12-27,88.81,88.81,88.81,88.81
669,2013-12-30,89.37,89.37,89.37,89.37
670,2013-12-31,89.2,89.2,89.2,89.2
671,2014-01-02,89.05,89.05,89.05,89.05
672,2014-01-03,88.94,88.94,88.94,88.94
673,2014-01-06,88.93,88.93,88.93,88.93
674,2014-01-07,88.57,88.57,88.57,88.57
675,2014-01-08,88.33,88.33,88.33,88.33
676,2014-01-09,87.97,87.97,87.97,87.97
677,2014-01-10,87.85,87.85,87.85,87.85
678,2014-01-13,87.85,87.85,87.85,87.85
679,2014-01-14,87.27,87.27,87.27,87.27
680,2014-01-15,87.74,87.74,87.74,87.74
681,2014-01-16,88.8,88.8,88.8,88.8
682,2014-01-17,88.74,88.74,88.74,88.74
683,2014-01-20,88.72,88.72,88.72,88.72
684,2014-01-21,88.63,88.63,88.63,88.63
685,2014-01-22,88.38,88.38,88.38,88.38
686,2014-01-23,87.98,87.98,87.98,87.98
687,2014-01-24,86.63,86.63,86.63,86.63
688,2014-01-27,85.7,85.7,85.7,85.7
689,2014-01-28,85.2,85.2,85.2,85.2
690,2014-01-29,85.47,85.47,85.47,85.47
691,2014-01-30,85.42,85.42,85.42,85.42
692,2014-01-31,84.41,84.41,84.41,84.41
693,2014-02-03,85.26,85.26,85.26,85.26
694,2014-02-04,83.78,83.78,83.78,83.78
695,2014-02-05,84.38,84.38,84.38,84.38
696,2014-02-06,84.59,84.59,84.59,84.59
697,2014-02-07,85.52,85.52,85.52,85.52
698,2014-02-10,85.99,85.99,85.99,85.99
699,2014-02-11,86.27,86.27,86.27,86.27
700,2014-02-12,86.93,86.93,86.93,86.93
701,2014-02-13,86.23,86.23,86.23,86.23
702,2014-02-14,86.58,86.58,86.58,86.58
703,2014-02-17,87.2,87.2,87.2,87.2
704,2014-02-18,87.42,87.42,87.42,87.42
705,2014-02-19,87.85,87.85,87.85,87.85
706,2014-02-20,87.53,87.53,87.53,87.53
707,2014-02-21,87.93,87.93,87.93,87.93
708,2014-02-24,87.97,87.97,87.97,87.97
709,2014-02-25,87.78,87.78,87.78,87.78
710,2014-02-26,87.63,87.63,87.63,87.63
711,2014-02-27,87.43,87.43,87.43,87.43
712,2014-02-28,87.61,87.61,87.61,87.61
713,2014-03-03,86.9,86.9,86.9,86.9
714,2014-03-04,87.82,87.82,87.82,87.82
715,2014-03-05,87.91,87.91,87.91,87.91
716,2014-03-06,87.98,87.98,87.98,87.98
717,2014-03-07,88.09,88.09,88.09,88.09
718,2014-03-10,87.88,87.88,87.88,87.88
719,2014-03-11,87.86,87.86,87.86,87.86
720,2014-03-12,87.05,87.05,87.05,87.05
721,2014-03-13,86.84,86.84,86.84,86.84
722,2014-03-14,86.57,86.57,86.57,86.57
723,2014-03-17,86.98,86.98,86.98,86.98
724,2014-03-18,87.14,87.14,87.14,87.14
725,2014-03-19,87.24,87.24,87.24,87.24
726,2014-03-20,86.56,86.56,86.56,86.56
727,2014-03-21,87.37,87.37,87.37,87.37
728,2014-03-24,87.49,87.49,87.49,87.49
729,2014-03-25,88.05,88.05,88.05,88.05
730,2014-03-26,88.61,88.61,88.61,88.61
731,2014-03-27,87.74,87.74,87.74,87.74
732,2014-03-28,88.64,88.64,88.64,88.64
733,2014-03-31,89.14,89.14,89.14,89.14
734,2014-04-01,89.47,89.47,89.47,89.47
735,2014-04-02,89.54,89.54,89.54,89.54
736,2014-04-03,89.96,89.96,89.96,89.96
737,2014-04-04,90.1,90.1,90.1,90.1
738,2014-04-07,90.01,90.01,90.01,90.01
739,2014-04-08,89.02,89.02,89.02,89.02
740,2014-04-09,89.73,89.73,89.73,89.73
741,2014-04-10,89.83,89.83,89.83,89.83
742,2014-04-11,88.98,88.98,88.98,88.98
743,2014-04-14,89.03,89.03,89.03,89.03
744,2014-04-15,89.59,89.59,89.59,89.59
745,2014-04-16,89.66,89.66,89.66,89.66
746,2014-04-17,89.93,89.93,89.93,89.93
747,2014-04-22,90.51,90.51,90.51,90.51
748,2014-04-23,90.53,90.53,90.53,90.53
749,2014-04-24,91.07,91.07,91.07,91.07
750,2014-04-25,90.6,90.6,90.6,90.6
751,2014-04-28,90.29,90.29,90.29,90.29
752,2014-04-29,90.84,90.84,90.84,90.84
753,2014-04-30,91.41,91.41,91.41,91.41
754,2014-05-01,91.08,91.08,91.08,91.08
755,2014-05-02,90.99,90.99,90.99,90.99
756,2014-05-06,90.92,90.92,90.92,90.92
757,2014-05-07,90.78,90.78,90.78,90.78
758,2014-05-08,91.58,91.58,91.58,91.58
759,2014-05-09,91.35,91.35,91.35,91.35
760,2014-05-12,91.48,91.48,91.48,91.48
761,2014-05-13,92.35,92.35,92.35,92.35
762,2014-05-14,92.83,92.83,92.83,92.83
763,2014-05-15,93.08,93.08,93.08,93.08
764,2014-05-16,91.9,91.9,91.9,91.9
765,2014-05-19,91.93,91.93,91.93,91.93
766,2014-05-20,91.69,91.69,91.69,91.69
767,2014-05-21,91.22,91.22,91.22,91.22
768,2014-05-22,91.71,91.71,91.71,91.71
769,2014-05-23,91.68,91.68,91.68,91.68
770,2014-05-27,92.02,92.02,92.02,92.02
771,2014-05-28,92.26,92.26,92.26,92.26
772,2014-05-29,92.39,92.39,92.39,92.39
773,2014-05-30,92.41,92.41,92.41,92.41
774,2014-06-02,92.15,92.15,92.15,92.15
775,2014-06-03,92.13,92.13,92.13,92.13
776,2014-06-04,92.27,92.27,92.27,92.27
777,2014-06-05,92.06,92.06,92.06,92.06
778,2014-06-06,92.35,92.35,92.35,92.35
779,2014-06-09,92.8,92.8,92.8,92.8
780,2014-06-10,92.7,92.7,92.7,92.7
781,2014-06-11,92.74,92.74,92.74,92.74
782,2014-06-12,92.39,92.39,92.39,92.39
783,2014-06-13,92.04,92.04,92.04,92.04
784,2014-06-16,92.4,92.4,92.4,92.4
785,2014-06-17,92.33,92.33,92.33,92.33
786,2014-06-18,92.95,92.95,92.95,92.95
787,2014-06-19,93.42,93.42,93.42,93.42
788,2014-06-20,93.48,93.48,93.48,93.48
789,2014-06-23,93.96,93.96,93.96,93.96
790,2014-06-24,94.64,94.64,94.64,94.64
791,2014-06-25,93.6,93.6,93.6,93.6
792,2014-06-26,93.42,93.42,93.42,93.42
793,2014-06-27,93.55,93.55,93.55,93.55
794,2014-06-30,93.32,93.32,93.32,93.32
795,2014-07-01,93.4,93.4,93.4,93.4
796,2014-07-02,93.83,93.83,93.83,93.83
797,2014-07-03,94.47,94.47,94.47,94.47
798,2014-07-04,94.91,94.91,94.91,94.91
799,2014-07-07,94.78,94.78,94.78,94.78
800,2014-07-08,94.64,94.64,94.64,94.64
801,2014-07-09,94.44,94.44,94.44,94.44
802,2014-07-10,93.99,93.99,93.99,93.99
803,2014-07-11,93.8,93.8,93.8,93.8
804,2014-07-14,93.78,93.78,93.78,93.78
805,2014-07-15,93.69,93.69,93.69,93.69
806,2014-07-16,93.53,93.53,93.53,93.53
807,2014-07-17,93.6,93.6,93.6,93.6
808,2014-07-18,93.14,93.14,93.14,93.14
809,2014-07-21,93.48,93.48,93.48,93.48
810,2014-07-22,93.9,93.9,93.9,93.9
811,2014-07-23,94.45,94.45,94.45,94.45
812,2014-07-24,94.92,94.92,94.92,94.92
813,2014-07-25,95.05,95.05,95.05,95.05
814,2014-07-28,94.43,94.43,94.43,94.43
815,2014-07-29,94.74,94.74,94.74,94.74
816,2014-07-30,94.35,94.35,94.35,94.35
817,2014-07-31,94.01,94.01,94.01,94.01
818,2014-08-01,92.29,92.29,92.29,92.29
819,2014-08-04,92.93,92.93,92.93,92.93
820,2014-08-05,93.19,93.19,93.19,93.19
821,2014-08-06,92.34,92.34,92.34,92.34
822,2014-08-07,92.78,92.78,92.78,92.78
823,2014-08-08,92.22,92.22,92.22,92.22
824,2014-08-11,93.34,93.34,93.34,93.34
825,2014-08-12,93.72,93.72,93.72,93.72
826,2014-08-13,93.93,93.93,93.93,93.93
827,2014-08-14,93.85,93.85,93.85,93.85
828,2014-08-15,93.89,93.89,93.89,93.89
829,2014-08-18,94.17,94.17,94.17,94.17
830,2014-08-19,94.3,94.3,94.3,94.3
831,2014-08-20,94.54,94.54,94.54,94.54
832,2014-08-21,95.06,95.06,95.06,95.06
833,2014-08-22,94.87,94.87,94.87,94.87
834,2014-08-26,94.88,94.88,94.88,94.88
835,2014-08-27,95.21,95.21,95.21,95.21
836,2014-08-28,94.78,94.78,94.78,94.78
837,2014-08-29,94.56,94.56,94.56,94.56
838,2014-09-01,94.72,94.72,94.72,94.72
839,2014-09-02,95.12,95.12,95.12,95.12
840,2014-09-03,95.19,95.19,95.19,95.19
841,2014-09-04,95.48,95.48,95.48,95.48
842,2014-09-05,95.17,95.17,95.17,95.17
843,2014-09-08,96.32,96.32,96.32,96.32
844,2014-09-09,95.62,95.62,95.62,95.62
845,2014-09-10,95.31,95.31,95.31,95.31
846,2014-09-11,94.15,94.15,94.15,94.15
847,2014-09-12,94.19,94.19,94.19,94.19
848,2014-09-15,93.46,93.46,93.46,93.46
849,2014-09-16,93.79,93.79,93.79,93.79
850,2014-09-17,94.17,94.17,94.17,94.17
851,2014-09-18,93.52,93.52,93.52,93.52
852,2014-09-19,93.38,93.38,93.38,93.38
853,2014-09-22,92.72,92.72,92.72,92.72
854,2014-09-23,91.57,91.57,91.57,91.57
855,2014-09-24,91.34,91.34,91.34,91.34
856,2014-09-25,91.85,91.85,91.85,91.85
857,2014-09-26,90.62,90.62,90.62,90.62
858,2014-09-29,91.21,91.21,91.21,91.21
859,2014-09-30,91.38,91.38,91.38,91.38
860,2014-10-01,90.69,90.69,90.69,90.69
861,2014-10-02,90.04,90.04,90.04,90.04
862,2014-10-03,89.87,89.87,89.87,89.87
863,2014-10-06,90.29,90.29,90.29,90.29
864,2014-10-07,90.47,90.47,90.47,90.47
865,2014-10-08,89.22,89.22,89.22,89.22
866,2014-10-09,89.17,89.17,89.17,89.17
867,2014-10-10,87.28,87.28,87.28,87.28
868,2014-10-13,86.96,86.96,86.96,86.96
869,2014-10-14,86.89,86.89,86.89,86.89
870,2014-10-15,86.53,86.53,86.53,86.53
871,2014-10-16,84.33,84.33,84.33,84.33
872,2014-10-17,85.89,85.89,85.89,85.89
873,2014-10-20,85.87,85.87,85.87,85.87
874,2014-10-21,87.04,87.04,87.04,87.04
875,2014-10-22,88.12,88.12,88.12,88.12
876,2014-10-23,87.33,87.33,87.33,87.33
877,2014-10-24,87.73,87.73,87.73,87.73
878,2014-10-27,87.13,87.13,87.13,87.13
879,2014-10-28,87.07,87.07,87.07,87.07
880,2014-10-29,87.87,87.87,87.87,87.87
881,2014-10-30,87.46,87.46,87.46,87.46
882,2014-10-31,88.5,88.5,88.5,88.5
883,2014-11-03,88.55,88.55,88.55,88.55
884,2014-11-04,87.54,87.54,87.54,87.54
885,2014-11-05,87.36,87.36,87.36,87.36
886,2014-11-06,87.79,87.79,87.79,87.79
887,2014-11-07,88.6,88.6,88.6,88.6
888,2014-11-10,89.58,89.58,89.58,89.58
889,2014-11-11,88.96,88.96,88.96,88.96
890,2014-11-12,89.69,89.69,89.69,89.69
891,2014-11-13,89.98,89.98,89.98,89.98
892,2014-11-14,89.65,89.65,89.65,89.65
893,2014-11-17,90.5,90.5,90.5,90.5
894,2014-11-18,90.75,90.75,90.75,90.75
895,2014-11-19,90.25,90.25,90.25,90.25
896,2014-11-20,90.2,90.2,90.2,90.2
897,2014-11-21,91.96,91.96,91.96,91.96
898,2014-11-24,92.43,92.43,92.43,92.43
899,2014-11-25,91.56,91.56,91.56,91.56
900,2014-11-26,90.99,90.99,90.99,90.99
901,2014-11-27,90.72,90.72,90.72,90.72
902,2014-11-28,89.3,89.3,89.3,89.3
903,2014-12-01,87.16,87.16,87.16,87.16
904,2014-12-02,87.82,87.82,87.82,87.82
905,2014-12-03,88.02,88.02,88.02,88.02
906,2014-12-04,88.64,88.64,88.64,88.64
907,2014-12-05,87.77,87.77,87.77,87.77
908,2014-12-08,87.52,87.52,87.52,87.52
909,2014-12-09,85.67,85.67,85.67,85.67
910,2014-12-10,85.47,85.47,85.47,85.47
911,2014-12-11,83.89,83.89,83.89,83.89
912,2014-12-12,82.86,82.86,82.86,82.86
913,2014-12-15,82.08,82.08,82.08,82.08
914,2014-12-16,80.72,80.72,80.72,80.72
915,2014-12-17,81.47,81.47,81.47,81.47
916,2014-12-18,84.36,84.36,84.36,84.36
917,2014-12-19,85.23,85.23,85.23,85.23
918,2014-12-22,86.91,86.91,86.91,86.91
919,2014-12-23,86.67,86.67,86.67,86.67
920,2014-12-24,87.34,87.34,87.34,87.34
921,2014-12-29,87.35,87.35,87.35,87.35
922,2014-12-30,87.02,87.02,87.02,87.02
923,2014-12-31,86.8,86.8,86.8,86.8
924,2015-01-02,87.02,87.02,87.02,87.02
925,2015-01-05,87.23,87.23,87.23,87.23
926,2015-01-06,85.52,85.52,85.52,85.52
927,2015-01-07,85.94,85.94,85.94,85.94
928,2015-01-08,87.21,87.21,87.21,87.21
929,2015-01-09,87.07,87.07,87.07,87.07
930,2015-01-12,86.79,86.79,86.79,86.79
931,2015-01-13,85.75,85.75,85.75,85.75
932,2015-01-14,83.4,83.4,83.4,83.4
933,2015-01-15,82.85,82.85,82.85,82.85
934,2015-01-16,83.4,83.4,83.4,83.4
935,2015-01-19,84.89,84.89,84.89,84.89
936,2015-01-20,85.52,85.52,85.52,85.52
937,2015-01-21,85.28,85.28,85.28,85.28
938,2015-01-22,86.53,86.53,86.53,86.53
939,2015-01-23,87.26,87.26,87.26,87.26
940,2015-01-26,85.66,85.66,85.66,85.66
941,2015-01-27,86.26,86.26,86.26,86.26
942,2015-01-28,85.9,85.9,85.9,85.9
943,2015-01-29,84.44,84.44,84.44,84.44
944,2015-01-30,84.56,84.56,84.56,84.56
945,2015-02-02,85.13,85.13,85.13,85.13
946,2015-02-03,87.36,87.36,87.36,87.36
947,2015-02-04,87.99,87.99,87.99,87.99
948,2015-02-05,86.76,86.76,86.76,86.76
949,2015-02-06,87.54,87.54,87.54,87.54
950,2015-02-09,87.27,87.27,87.27,87.27
951,2015-02-10,87.47,87.47,87.47,87.47
952,2015-02-11,86.65,86.65,86.65,86.65
953,2015-02-12,86.88,86.88,86.88,86.88
954,2015-02-13,87.86,87.86,87.86,87.86
955,2015-02-16,88.67,88.67,88.67,88.67
956,2015-02-17,88.79,88.79,88.79,88.79
957,2015-02-18,88.34,88.34,88.34,88.34
958,2015-02-19,87.81,87.81,87.81,87.81
959,2015-02-20,87.97,87.97,87.97,87.97
960,2015-02-23,87.55,87.55,87.55,87.55
961,2015-02-24,87.2,87.2,87.2,87.2
962,2015-02-25,87.8,87.8,87.8,87.8
963,2015-02-26,87.83,87.83,87.83,87.83
964,2015-02-27,87.09,87.09,87.09,87.09
965,2015-03-02,87.29,87.29,87.29,87.29
966,2015-03-03,87.1,87.1,87.1,87.1
967,2015-03-04,86.48,86.48,86.48,86.48
968,2015-03-05,86.61,86.61,86.61,86.61
969,2015-03-06,86.34,86.34,86.34,86.34
970,2015-03-09,85.37,85.37,85.37,85.37
971,2015-03-10,84.24,84.24,84.24,84.24
972,2015-03-11,82.93,82.93,82.93,82.93
973,2015-03-12,83.84,83.84,83.84,83.84
974,2015-03-13,84.27,84.27,84.27,84.27
975,2015-03-16,83.74,83.74,83.74,83.74
976,2015-03-17,84.57,84.57,84.57,84.57
977,2015-03-18,85.32,85.32,85.32,85.32
978,2015-03-19,85.8,85.8,85.8,85.8
979,2015-03-20,85.64,85.64,85.64,85.64
980,2015-03-23,86.76,86.76,86.76,86.76
981,2015-03-24,87.1,87.1,87.1,87.1
982,2015-03-25,86.72,86.72,86.72,86.72
983,2015-03-26,86.09,86.09,86.09,86.09
984,2015-03-27,85.57,85.57,85.57,85.57
985,2015-03-30,85.51,85.51,85.51,85.51
986,2015-03-31,85.65,85.65,85.65,85.65
987,2015-04-01,85.61,85.61,85.61,85.61
988,2015-04-02,85.65,85.65,85.65,85.65
989,2015-04-07,86.78,86.78,86.78,86.78
990,2015-04-08,87.0,87.0,87.0,87.0
991,2015-04-09,86.89,86.89,86.89,86.89
992,2015-04-10,87.84,87.84,87.84,87.84
993,2015-04-13,88.04,88.04,88.04,88.04
994,2015-04-14,87.8,87.8,87.8,87.8
995,2015-04-15,88.46,88.46,88.46,88.46
996,2015-04-16,88.65,88.65,88.65,88.65
997,2015-04-17,87.6,87.6,87.6,87.6
998,2015-04-20,88.02,88.02,88.02,88.02
999,2015-04-21,87.96,87.96,87.96,87.96
1000,2015-04-22,86.92,86.92,86.92,86.92
1001,2015-04-23,87.1,87.1,87.1,87.1
1002,2015-04-24,87.91,87.91,87.91,87.91
1003,2015-04-27,87.98,87.98,87.98,87.98
1004,2015-04-28,87.91,87.91,87.91,87.91
1005,2015-04-29,87.42,87.42,87.42,87.42
1006,2015-04-30,87.15,87.15,87.15,87.15
1007,2015-05-01,88.3,88.3,88.3,88.3
1008,2015-05-05,89.71,89.71,89.71,89.71
1009,2015-05-06,89.01,89.01,89.01,89.01
1010,2015-05-07,88.16,88.16,88.16,88.16
1011,2015-05-08,88.05,88.05,88.05,88.05
1012,2015-05-11,88.63,88.63,88.63,88.63
1013,2015-05-12,87.01,87.01,87.01,87.01
1014,2015-05-13,87.35,87.35,87.35,87.35
1015,2015-05-14,86.94,86.94,86.94,86.94
1016,2015-05-15,87.51,87.51,87.51,87.51
1017,2015-05-18,88.17,88.17,88.17,88.17
1018,2015-05-19,88.11,88.11,88.11,88.11
1019,2015-05-20,87.56,87.56,87.56,87.56
1020,2015-05-21,87.24,87.24,87.24,87.24
1021,2015-05-22,87.85,87.85,87.85,87.85
1022,2015-05-26,87.96,87.96,87.96,87.96
1023,2015-05-27,86.98,86.98,86.98,86.98
1024,2015-05-28,87.54,87.54,87.54,87.54
1025,2015-05-29,87.85,87.85,87.85,87.85
1026,2015-06-01,87.28,87.28,87.28,87.28
1027,2015-06-02,87.01,87.01,87.01,87.01
1028,2015-06-03,87.53,87.53,87.53,87.53
1029,2015-06-04,86.71,86.71,86.71,86.71
1030,2015-06-05,86.18,86.18,86.18,86.18
1031,2015-06-08,86.1,86.1,86.1,86.1
1032,2015-06-09,85.61,85.61,85.61,85.61
1033,2015-06-10,85.73,85.73,85.73,85.73
1034,2015-06-11,85.92,85.92,85.92,85.92
1035,2015-06-12,85.4,85.4,85.4,85.4
1036,2015-06-15,84.79,84.79,84.79,84.79
1037,2015-06-16,83.75,83.75,83.75,83.75
1038,2015-06-17,83.21,83.21,83.21,83.21
1039,2015-06-18,83.03,83.03,83.03,83.03
1040,2015-06-19,83.48,83.48,83.48,83.48
1041,2015-06-22,83.41,83.41,83.41,83.41
1042,2015-06-23,83.71,83.71,83.71,83.71
1043,2015-06-24,84.35,84.35,84.35,84.35
1044,2015-06-25,83.98,83.98,83.98,83.98
1045,2015-06-26,83.2,83.2,83.2,83.2
1046,2015-06-29,81.96,81.96,81.96,81.96
1047,2015-06-30,81.64,81.64,81.64,81.64
1048,2015-07-01,81.7,81.7,81.7,81.7
1049,2015-07-02,81.7,81.7,81.7,81.7
1050,2015-07-03,81.33,81.33,81.33,81.33
1051,2015-07-06,80.88,80.88,80.88,80.88
1052,2015-07-07,80.69,80.69,80.69,80.69
1053,2015-07-08,80.13,80.13,80.13,80.13
1054,2015-07-09,79.89,79.89,79.89,79.89
1055,2015-07-10,79.97,79.97,79.97,79.97
1056,2015-07-13,79.97,79.97,79.97,79.97
1057,2015-07-14,80.09,80.09,80.09,80.09
1058,2015-07-15,80.49,80.49,80.49,80.49
1059,2015-07-16,79.8,79.8,79.8,79.8
1060,2015-07-17,79.82,79.82,79.82,79.82
1061,2015-07-20,79.36,79.36,79.36,79.36
1062,2015-07-21,78.79,78.79,78.79,78.79
1063,2015-07-22,77.99,77.99,77.99,77.99
1064,2015-07-23,77.4,77.4,77.4,77.4
1065,2015-07-24,76.99,76.99,76.99,76.99
1066,2015-07-27,75.68,75.68,75.68,75.68
1067,2015-07-28,74.83,74.83,74.83,74.83
1068,2015-07-29,75.32,75.32,75.32,75.32
1069,2015-07-30,76.12,76.12,76.12,76.12
1070,2015-07-31,75.81,75.81,75.81,75.81
1071,2015-08-03,75.12,75.12,75.12,75.12
1072,2015-08-04,74.76,74.76,74.76,74.76
1073,2015-08-05,75.17,75.17,75.17,75.17
1074,2015-08-06,74.77,74.77,74.77,74.77
1075,2015-08-07,75.63,75.63,75.63,75.63
1076,2015-08-10,74.8,74.8,74.8,74.8
1077,2015-08-11,75.7,75.7,75.7,75.7
1078,2015-08-12,74.2,74.2,74.2,74.2
1079,2015-08-13,75.15,75.15,75.15,75.15
1080,2015-08-14,74.58,74.58,74.58,74.58
1081,2015-08-17,74.19,74.19,74.19,74.19
1082,2015-08-18,73.71,73.71,73.71,73.71
1083,2015-08-19,73.1,73.1,73.1,73.1
1084,2015-08-20,71.88,71.88,71.88,71.88
1085,2015-08-21,71.46,71.46,71.46,71.46
1086,2015-08-24,68.01,68.01,68.01,68.01
1087,2015-08-25,68.24,68.24,68.24,68.24
1088,2015-08-26,67.77,67.77,67.77,67.77
1089,2015-08-27,68.29,68.29,68.29,68.29
1090,2015-08-28,70.09,70.09,70.09,70.09
1091,2015-09-01,70.13,70.13,70.13,70.13
1092,2015-09-02,69.66,69.66,69.66,69.66
1093,2015-09-03,69.81,69.81,69.81,69.81
1094,2015-09-04,69.52,69.52,69.52,69.52
1095,2015-09-07,69.22,69.22,69.22,69.22
1096,2015-09-08,69.5,69.5,69.5,69.5
1097,2015-09-09,70.88,70.88,70.88,70.88
1098,2015-09-10,69.39,69.39,69.39,69.39
1099,2015-09-11,69.51,69.51,69.51,69.51
1100,2015-09-14,69.45,69.45,69.45,69.45
1101,2015-09-15,68.4,68.4,68.4,68.4
1102,2015-09-16,68.91,68.91,68.91,68.91
1103,2015-09-17,70.05,70.05,70.05,70.05
1104,2015-09-18,69.7,69.7,69.7,69.7
1105,2015-09-21,68.44,68.44,68.44,68.44
1106,2015-09-22,67.08,67.08,67.08,67.08
1107,2015-09-23,66.93,66.93,66.93,66.93
1108,2015-09-24,65.62,65.62,65.62,65.62
1109,2015-09-25,67.05,67.05,67.05,67.05
1110,2015-09-28,65.7,65.7,65.7,65.7
1111,2015-09-29,64.5,64.5,64.5,64.5
1112,2015-09-30,65.5,65.5,65.5,65.5
1113,2015-10-01,67.36,67.36,67.36,67.36
1114,2015-10-02,67.07,67.07,67.07,67.07
1115,2015-10-05,69.38,69.38,69.38,69.38
1116,2015-10-06,70.84,70.84,70.84,70.84
1117,2015-10-07,72.72,72.72,72.72,72.72
1118,2015-10-08,73.86,73.86,73.86,73.86
1119,2015-10-09,75.62,75.62,75.62,75.62
1120,2015-10-12,75.76,75.76,75.76,75.76
1121,2015-10-13,74.85,74.85,74.85,74.85
1122,2015-10-14,73.92,73.92,73.92,73.92
1123,2015-10-15,74.66,74.66,74.66,74.66
1124,2015-10-16,74.52,74.52,74.52,74.52
1125,2015-10-19,73.46,73.46,73.46,73.46
1126,2015-10-20,72.14,72.14,72.14,72.14
1127,2015-10-21,73.15,73.15,73.15,73.15
1128,2015-10-22,72.61,72.61,72.61,72.61
1129,2015-10-23,74.42,74.42,74.42,74.42
1130,2015-10-26,74.7,74.7,74.7,74.7
1131,2015-10-27,73.33,73.33,73.33,73.33
1132,2015-10-28,72.66,72.66,72.66,72.66
1133,2015-10-29,72.88,72.88,72.88,72.88
1134,2015-10-30,72.18,72.18,72.18,72.18
1135,2015-11-02,71.53,71.53,71.53,71.53
1136,2015-11-03,72.84,72.84,72.84,72.84
1137,2015-11-04,74.22,74.22,74.22,74.22
1138,2015-11-05,73.23,73.23,73.23,73.23
1139,2015-11-06,72.94,72.94,72.94,72.94
1140,2015-11-09,72.38,72.38,72.38,72.38
1141,2015-11-10,71.35,71.35,71.35,71.35
1142,2015-11-11,70.73,70.73,70.73,70.73
1143,2015-11-12,69.77,69.77,69.77,69.77
1144,2015-11-13,68.39,68.39,68.39,68.39
1145,2015-11-16,68.52,68.52,68.52,68.52
1146,2015-11-17,69.37,69.37,69.37,69.37
1147,2015-11-18,69.22,69.22,69.22,69.22
1148,2015-11-19,70.31,70.31,70.31,70.31
1149,2015-11-20,69.88,69.88,69.88,69.88
1150,2015-11-23,69.51,69.51,69.51,69.51
1151,2015-11-24,69.2,69.2,69.2,69.2
1152,2015-11-25,70.42,70.42,70.42,70.42
1153,2015-11-26,70.39,70.39,70.39,70.39
1154,2015-11-27,70.2,70.2,70.2,70.2
1155,2015-11-30,69.78,69.78,69.78,69.78
1156,2015-12-01,70.06,70.06,70.06,70.06
1157,2015-12-02,70.62,70.62,70.62,70.62
1158,2015-12-03,70.24,70.24,70.24,70.24
1159,2015-12-04,68.99,68.99,68.99,68.99
1160,2015-12-07,68.82,68.82,68.82,68.82
1161,2015-12-08,66.76,66.76,66.76,66.76
1162,2015-12-09,65.86,65.86,65.86,65.86
1163,2015-12-10,66.32,66.32,66.32,66.32
1164,2015-12-11,65.7,65.7,65.7,65.7
1165,2015-12-14,64.77,64.77,64.77,64.77
1166,2015-12-15,64.83,64.83,64.83,64.83
1167,2015-12-16,66.12,66.12,66.12,66.12
1168,2015-12-17,67.03,67.03,67.03,67.03
1169,2015-12-18,65.29,65.29,65.29,65.29
1170,2015-12-21,66.58,66.58,66.58,66.58
1171,2015-12-22,66.62,66.62,66.62,66.62
1172,2015-12-23,68.49,68.49,68.49,68.49
1173,2015-12-24,69.84,69.84,69.84,69.84
1174,2015-12-29,69.64,69.64,69.64,69.64
1175,2015-12-30,69.78,69.78,69.78,69.78
1176,2015-12-31,68.95,68.95,68.95,68.95
1177,2016-01-04,67.69,67.69,67.69,67.69
1178,2016-01-05,68.43,68.43,68.43,68.43
1179,2016-01-06,67.23,67.23,67.23,67.23
1180,2016-01-07,65.33,65.33,65.33,65.33
1181,2016-01-08,65.22,65.22,65.22,65.22
1182,2016-01-11,64.69,64.69,64.69,64.69
1183,2016-01-12,64.33,64.33,64.33,64.33
1184,2016-01-13,63.83,63.83,63.83,63.83
1185,2016-01-14,62.91,62.91,62.91,62.91
1186,2016-01-15,63.06,63.06,63.06,63.06
1187,2016-01-18,63.13,63.13,63.13,63.13
1188,2016-01-19,64.13,64.13,64.13,64.13
1189,2016-01-20,61.13,61.13,61.13,61.13
1190,2016-01-21,61.31,61.31,61.31,61.31
1191,2016-01-22,63.44,63.44,63.44,63.44
1192,2016-01-25,63.71,63.71,63.71,63.71
1193,2016-01-26,62.44,62.44,62.44,62.44
1194,2016-01-27,63.45,63.45,63.45,63.45
1195,2016-01-28,64.02,64.02,64.02,64.02
1196,2016-01-29,64.67,64.67,64.67,64.67
1197,2016-02-01,65.78,65.78,65.78,65.78
1198,2016-02-02,63.83,63.83,63.83,63.83
1199,2016-02-03,62.95,62.95,62.95,62.95
1200,2016-02-04,65.55,65.55,65.55,65.55
1201,2016-02-05,67.44,67.44,67.44,67.44
1202,2016-02-08,66.74,66.74,66.74,66.74
1203,2016-02-09,66.63,66.63,66.63,66.63
1204,2016-02-10,65.68,65.68,65.68,65.68
1205,2016-02-11,64.22,64.22,64.22,64.22
1206,2016-02-12,65.54,65.54,65.54,65.54
1207,2016-02-15,67.87,67.87,67.87,67.87
1208,2016-02-16,68.17,68.17,68.17,68.17
1209,2016-02-17,69.0,69.0,69.0,69.0
1210,2016-02-18,70.57,70.57,70.57,70.57
1211,2016-02-19,70.52,70.52,70.52,70.52
1212,2016-02-22,71.94,71.94,71.94,71.94
1213,2016-02-23,72.41,72.41,72.41,72.41
1214,2016-02-24,70.96,70.96,70.96,70.96
1215,2016-02-25,71.84,71.84,71.84,71.84
1216,2016-02-26,72.66,72.66,72.66,72.66
1217,2016-02-29,73.35,73.35,73.35,73.35
1218,2016-03-01,73.57,73.57,73.57,73.57
1219,2016-03-02,73.61,73.61,73.61,73.61
1220,2016-03-03,75.24,75.24,75.24,75.24
1221,2016-03-04,75.98,75.98,75.98,75.98
1222,2016-03-07,76.43,76.43,76.43,76.43
1223,2016-03-08,76.9,76.9,76.9,76.9
1224,2016-03-09,75.63,75.63,75.63,75.63
1225,2016-03-10,76.34,76.34,76.34,76.34
1226,2016-03-11,76.81,76.81,76.81,76.81
1227,2016-03-14,76.91,76.91,76.91,76.91
1228,2016-03-15,76.61,76.61,76.61,76.61
1229,2016-03-16,76.98,76.98,76.98,76.98
1230,2016-03-17,78.28,78.28,78.28,78.28
1231,2016-03-18,78.65,78.65,78.65,78.65
1232,2016-03-21,78.68,78.68,78.68,78.68
1233,2016-03-22,78.84,78.84,78.84,78.84
1234,2016-03-23,79.07,79.07,79.07,79.07
1235,2016-03-24,76.6,76.6,76.6,76.6
1236,2016-03-29,76.43,76.43,76.43,76.43
1237,2016-03-30,77.62,77.62,77.62,77.62
1238,2016-03-31,77.29,77.29,77.29,77.29
1239,2016-04-01,77.11,77.11,77.11,77.11
1240,2016-04-04,77.23,77.23,77.23,77.23
1241,2016-04-05,75.66,75.66,75.66,75.66
1242,2016-04-06,76.35,76.35,76.35,76.35
1243,2016-04-07,77.05,77.05,77.05,77.05
1244,2016-04-08,77.0,77.0,77.0,77.0
1245,2016-04-11,77.31,77.31,77.31,77.31
1246,2016-04-12,77.67,77.67,77.67,77.67
1247,2016-04-13,79.57,79.57,79.57,79.57
1248,2016-04-14,80.27,80.27,80.27,80.27
1249,2016-04-15,79.74,79.74,79.74,79.74
1250,2016-04-18,79.61,79.61,79.61,79.61
1251,2016-04-19,79.99,79.99,79.99,79.99
1252,2016-04-20,81.84,81.84,81.84,81.84
1253,2016-04-21,81.86,81.86,81.86,81.86
1254,2016-04-22,81.14,81.14,81.14,81.14
1255,2016-04-25,80.69,80.69,80.69,80.69
1256,2016-04-26,79.61,79.61,79.61,79.61
1257,2016-04-27,80.12,80.12,80.12,80.12
1258,2016-04-28,80.94,80.94,80.94,80.94
1259,2016-04-29,81.53,81.53,81.53,81.53
1260,2016-05-03,80.98,80.98,80.98,80.98
1261,2016-05-04,79.49,79.49,79.49,79.49
1262,2016-05-05,79.13,79.13,79.13,79.13
1263,2016-05-06,78.86,78.86,78.86,78.86
1264,2016-05-09,79.78,79.78,79.78,79.78
1265,2016-05-10,78.3,78.3,78.3,78.3
1266,2016-05-11,79.73,79.73,79.73,79.73
1267,2016-05-12,80.35,80.35,80.35,80.35
1268,2016-05-13,80.02,80.02,80.02,80.02
1269,2016-05-16,80.06,80.06,80.06,80.06
1270,2016-05-17,80.26,80.26,80.26,80.26
1271,2016-05-18,79.91,79.91,79.91,79.91
1272,2016-05-19,77.14,77.14,77.14,77.14
1273,2016-05-20,78.11,78.11,78.11,78.11
1274,2016-05-23,78.63,78.63,78.63,78.63
1275,2016-05-24,78.25,78.25,78.25,78.25
1276,2016-05-25,78.05,78.05,78.05,78.05
1277,2016-05-26,79.31,79.31,79.31,79.31
1278,2016-05-27,79.14,79.14,79.14,79.14
1279,2016-05-31,78.83,78.83,78.83,78.83
1280,2016-06-01,79.51,79.51,79.51,79.51
1281,2016-06-02,79.86,79.86,79.86,79.86
1282,2016-06-03,79.99,79.99,79.99,79.99
1283,2016-06-06,82.0,82.0,82.0,82.0
1284,2016-06-07,82.12,82.12,82.12,82.12
1285,2016-06-08,82.79,82.79,82.79,82.79
1286,2016-06-09,83.34,83.34,83.34,83.34
1287,2016-06-10,82.67,82.67,82.67,82.67
1288,2016-06-13,83.05,83.05,83.05,83.05
1289,2016-06-14,82.16,82.16,82.16,82.16
1290,2016-06-15,81.47,81.47,81.47,81.47
1291,2016-06-16,81.92,81.92,81.92,81.92
1292,2016-06-17,81.67,81.67,81.67,81.67
1293,2016-06-20,81.31,81.31,81.31,81.31
1294,2016-06-21,80.59,80.59,80.59,80.59
1295,2016-06-22,81.0,81.0,81.0,81.0
1296,2016-06-23,80.98,80.98,80.98,80.98
1297,2016-06-24,83.7,83.7,83.7,83.7
1298,2016-06-27,86.64,86.64,86.64,86.64
1299,2016-06-28,85.62,85.62,85.62,85.62
1300,2016-06-29,86.64,86.64,86.64,86.64
1301,2016-06-30,87.78,87.78,87.78,87.78
1302,2016-07-01,90.21,90.21,90.21,90.21
1303,2016-07-04,91.53,91.53,91.53,91.53
1304,2016-07-05,92.41,92.41,92.41,92.41
1305,2016-07-06,91.69,91.69,91.69,91.69
1306,2016-07-07,92.94,92.94,92.94,92.94
1307,2016-07-08,92.34,92.34,92.34,92.34
1308,2016-07-11,94.03,94.03,94.03,94.03
1309,2016-07-12,94.09,94.09,94.09,94.09
1310,2016-07-13,93.92,93.92,93.92,93.92
1311,2016-07-14,94.06,94.06,94.06,94.06
1312,2016-07-15,93.62,93.62,93.62,93.62
1313,2016-07-18,94.16,94.16,94.16,94.16
1314,2016-07-19,94.58,94.58,94.58,94.58
1315,2016-07-20,93.81,93.81,93.81,93.81
1316,2016-07-21,93.36,93.36,93.36,93.36
1317,2016-07-22,94.0,94.0,94.0,94.0
1318,2016-07-25,93.45,93.45,93.45,93.45
1319,2016-07-26,92.37,92.37,92.37,92.37
1320,2016-07-27,93.75,93.75,93.75,93.75
1321,2016-07-28,93.46,93.46,93.46,93.46
1322,2016-07-29,93.0,93.0,93.0,93.0
1323,2016-08-01,93.42,93.42,93.42,93.42
1324,2016-08-02,91.83,91.83,91.83,91.83
1325,2016-08-03,91.57,91.57,91.57,91.57
1326,2016-08-04,92.45,92.45,92.45,92.45
1327,2016-08-05,93.49,93.49,93.49,93.49
1328,2016-08-08,94.13,94.13,94.13,94.13
1329,2016-08-09,95.74,95.74,95.74,95.74
1330,2016-08-10,95.39,95.39,95.39,95.39
1331,2016-08-11,95.7,95.7,95.7,95.7
1332,2016-08-12,96.65,96.65,96.65,96.65
1333,2016-08-15,96.4,96.4,96.4,96.4
1334,2016-08-16,97.47,97.47,97.47,97.47
1335,2016-08-17,96.63,96.63,96.63,96.63
1336,2016-08-18,95.74,95.74,95.74,95.74
1337,2016-08-19,96.25,96.25,96.25,96.25
1338,2016-08-22,95.51,95.51,95.51,95.51
1339,2016-08-23,94.94,94.94,94.94,94.94
1340,2016-08-24,95.06,95.06,95.06,95.06
1341,2016-08-25,93.5,93.5,93.5,93.5
1342,2016-08-26,93.94,93.94,93.94,93.94
1343,2016-08-30,94.3,94.3,94.3,94.3
1344,2016-08-31,93.64,93.64,93.64,93.64
1345,2016-09-01,92.21,92.21,92.21,92.21
1346,2016-09-02,92.46,92.46,92.46,92.46
1347,2016-09-05,93.75,93.75,93.75,93.75
1348,2016-09-06,93.67,93.67,93.67,93.67
1349,2016-09-07,94.26,94.26,94.26,94.26
1350,2016-09-08,94.55,94.55,94.55,94.55
1351,2016-09-09,94.78,94.78,94.78,94.78
1352,2016-09-12,91.72,91.72,91.72,91.72
1353,2016-09-13,92.71,92.71,92.71,92.71
1354,2016-09-14,91.41,91.41,91.41,91.41
1355,2016-09-15,90.78,90.78,90.78,90.78
1356,2016-09-16,91.14,91.14,91.14,91.14
1357,2016-09-19,92.55,92.55,92.55,92.55
1358,2016-09-20,92.9,92.9,92.9,92.9
1359,2016-09-21,92.57,92.57,92.57,92.57
1360,2016-09-22,94.7,94.7,94.7,94.7
1361,2016-09-23,95.28,95.28,95.28,95.28
1362,2016-09-26,94.5,94.5,94.5,94.5
1363,2016-09-27,93.94,93.94,93.94,93.94
1364,2016-09-28,93.32,93.32,93.32,93.32
1365,2016-09-29,95.92,95.92,95.92,95.92
1366,2016-09-30,95.7,95.7,95.7,95.7
1367,2016-10-03,96.89,96.89,96.89,96.89
1368,2016-10-04,97.81,97.81,97.81,97.81
1369,2016-10-05,96.14,96.14,96.14,96.14
1370,2016-10-06,97.28,97.28,97.28,97.28
1371,2016-10-07,99.4,99.4,99.4,99.4
1372,2016-10-10,99.25,99.25,99.25,99.25
1373,2016-10-11,101.4,101.4,101.4,101.4
1374,2016-10-12,100.6,100.6,100.6,100.6
1375,2016-10-13,100.5,100.5,100.5,100.5
1376,2016-10-14,100.6,100.6,100.6,100.6
1377,2016-10-17,100.4,100.4,100.4,100.4
1378,2016-10-18,100.7,100.7,100.7,100.7
1379,2016-10-19,101.0,101.0,101.0,101.0
1380,2016-10-20,102.2,102.2,102.2,102.2
1381,2016-10-21,102.2,102.2,102.2,102.2
1382,2016-10-24,102.1,102.1,102.1,102.1
1383,2016-10-25,102.3,102.3,102.3,102.3
1384,2016-10-26,102.2,102.2,102.2,102.2
1385,2016-10-27,101.6,101.6,101.6,101.6
1386,2016-10-28,102.3,102.3,102.3,102.3
1387,2016-10-31,102.1,102.1,102.1,102.1
1388,2016-11-01,101.6,101.6,101.6,101.6
1389,2016-11-02,100.6,100.6,100.6,100.6
1390,2016-11-03,98.6,98.6,98.6,98.6
1391,2016-11-04,97.56,97.56,97.56,97.56
1392,2016-11-07,99.26,99.26,99.26,99.26
1393,2016-11-08,99.54,99.54,99.54,99.54
1394,2016-11-09,99.26,99.26,99.26,99.26
1395,2016-11-10,103.8,103.8,103.8,103.8
1396,2016-11-11,100.8,100.8,100.8,100.8
1397,2016-11-14,99.74,99.74,99.74,99.74
1398,2016-11-15,100.7,100.7,100.7,100.7
1399,2016-11-16,101.7,101.7,101.7,101.7
1400,2016-11-17,101.4,101.4,101.4,101.4
1401,2016-11-18,101.0,101.0,101.0,101.0
1402,2016-11-21,102.1,102.1,102.1,102.1
1403,2016-11-22,103.5,103.5,103.5,103.5
1404,2016-11-23,104.2,104.2,104.2,104.2
1405,2016-11-24,103.8,103.8,103.8,103.8
1406,2016-11-25,104.0,104.0,104.0,104.0
1407,2016-11-28,104.0,104.0,104.0,104.0
1408,2016-11-29,103.2,103.2,103.2,103.2
1409,2016-11-30,102.8,102.8,102.8,102.8
1410,2016-12-01,103.8,103.8,103.8,103.8
1411,2016-12-02,103.4,103.4,103.4,103.4
1412,2016-12-05,103.9,103.9,103.9,103.9
1413,2016-12-06,104.6,104.6,104.6,104.6
1414,2016-12-07,106.7,106.7,106.7,106.7
1415,2016-12-08,107.5,107.5,107.5,107.5
1416,2016-12-09,108.8,108.8,108.8,108.8
1417,2016-12-12,108.8,108.8,108.8,108.8
1418,2016-12-13,107.5,107.5,107.5,107.5
1419,2016-12-14,107.7,107.7,107.7,107.7
1420,2016-12-15,106.2,106.2,106.2,106.2
1421,2016-12-16,106.9,106.9,106.9,106.9
1422,2016-12-19,106.8,106.8,106.8,106.8
1423,2016-12-20,106.6,106.6,106.6,106.6
1424,2016-12-21,107.1,107.1,107.1,107.1
1425,2016-12-22,107.2,107.2,107.2,107.2
1426,2016-12-23,107.8,107.8,107.8,107.8
1427,2016-12-28,109.0,109.0,109.0,109.0
1428,2016-12-29,109.0,109.0,109.0,109.0
1429,2016-12-30,109.3,109.3,109.3,109.3
1430,2017-01-03,109.5,109.5,109.5,109.5
1431,2017-01-04,110.0,110.0,110.0,110.0
1432,2017-01-05,110.7,110.7,110.7,110.7
1433,2017-01-06,111.3,111.3,111.3,111.3
1434,2017-01-09,112.4,112.4,112.4,112.4
1435,2017-01-10,112.9,112.9,112.9,112.9
1436,2017-01-11,113.7,113.7,113.7,113.7
1437,2017-01-12,114.2,114.2,114.2,114.2
1438,2017-01-13,114.5,114.5,114.5,114.5
1439,2017-01-16,115.8,115.8,115.8,115.8
1440,2017-01-17,114.5,114.5,114.5,114.5
1441,2017-01-18,113.6,113.6,113.6,113.6
1442,2017-01-19,112.8,112.8,112.8,112.8
1443,2017-01-20,112.9,112.9,112.9,112.9
1444,2017-01-23,113.3,113.3,113.3,113.3
1445,2017-01-24,114.0,114.0,114.0,114.0
1446,2017-01-25,114.2,114.2,114.2,114.2
1447,2017-01-26,114.2,114.2,114.2,114.2
1448,2017-01-27,113.5,113.5,113.5,113.5
1449,2017-01-30,112.9,112.9,112.9,112.9
1450,2017-01-31,112.4,112.4,112.4,112.4
1451,2017-02-01,111.5,111.5,111.5,111.5
1452,2017-02-02,112.3,112.3,112.3,112.3
1453,2017-02-03,112.8,112.8,112.8,112.8
1454,2017-02-06,113.0,113.0,113.0,113.0
1455,2017-02-07,113.2,113.2,113.2,113.2
1456,2017-02-08,111.9,111.9,111.9,111.9
1457,2017-02-09,111.4,111.4,111.4,111.4
1458,2017-02-10,112.6,112.6,112.6,112.6
1459,2017-02-13,114.0,114.0,114.0,114.0
1460,2017-02-14,115.3,115.3,115.3,115.3
1461,2017-02-15,115.4,115.4,115.4,115.4
1462,2017-02-16,114.3,114.3,114.3,114.3
1463,2017-02-17,114.0,114.0,114.0,114.0
1464,2017-02-20,113.0,113.0,113.0,113.0
1465,2017-02-21,113.4,113.4,113.4,113.4
1466,2017-02-22,113.3,113.3,113.3,113.3
1467,2017-02-23,112.5,112.5,112.5,112.5
1468,2017-02-24,110.6,110.6,110.6,110.6
1469,2017-02-27,111.0,111.0,111.0,111.0
1470,2017-02-28,110.2,110.2,110.2,110.2
1471,2017-03-01,111.1,111.1,111.1,111.1
1472,2017-03-02,113.2,113.2,113.2,113.2
1473,2017-03-03,111.5,111.5,111.5,111.5
1474,2017-03-06,111.4,111.4,111.4,111.4
1475,2017-03-07,111.5,111.5,111.5,111.5
1476,2017-03-08,110.8,110.8,110.8,110.8
1477,2017-03-09,108.3,108.3,108.3,108.3
1478,2017-03-10,108.7,108.7,108.7,108.7
1479,2017-03-13,108.8,108.8,108.8,108.8
1480,2017-03-14,109.7,109.7,109.7,109.7
1481,2017-03-15,108.7,108.7,108.7,108.7
1482,2017-03-16,111.0,111.0,111.0,111.0
1483,2017-03-17,110.2,110.2,110.2,110.2
1484,2017-03-20,109.7,109.7,109.7,109.7
1485,2017-03-21,109.8,109.8,109.8,109.8
1486,2017-03-22,107.7,107.7,107.7,107.7
1487,2017-03-23,107.7,107.7,107.7,107.7
1488,2017-03-24,107.1,107.1,107.1,107.1
1489,2017-03-27,105.0,105.0,105.0,105.0
1490,2017-03-28,105.6,105.6,105.6,105.6
1491,2017-03-29,107.3,107.3,107.3,107.3
1492,2017-03-30,108.3,108.3,108.3,108.3
1493,2017-03-31,107.8,107.8,107.8,107.8
1494,2017-04-03,107.8,107.8,107.8,107.8
1495,2017-04-04,108.2,108.2,108.2,108.2
1496,2017-04-05,109.2,109.2,109.2,109.2
1497,2017-04-06,108.8,108.8,108.8,108.8
1498,2017-04-07,109.3,109.3,109.3,109.3
1499,2017-04-10,109.3,109.3,109.3,109.3
1500,2017-04-11,110.0,110.0,110.0,110.0
1501,2017-04-12,109.3,109.3,109.3,109.3
1502,2017-04-13,107.8,107.8,107.8,107.8
1503,2017-04-18,105.2,105.2,105.2,105.2
1504,2017-04-19,103.3,103.3,103.3,103.3
1505,2017-04-20,102.3,102.3,102.3,102.3
1506,2017-04-21,103.1,103.1,103.1,103.1
1507,2017-04-24,104.0,104.0,104.0,104.0
1508,2017-04-25,103.5,103.5,103.5,103.5
1509,2017-04-26,103.1,103.1,103.1,103.1
1510,2017-04-27,102.2,102.2,102.2,102.2
1511,2017-04-28,101.3,101.3,101.3,101.3
1512,2017-05-02,100.7,100.7,100.7,100.7
1513,2017-05-03,99.94,99.94,99.94,99.94
1514,2017-05-04,99.23,99.23,99.23,99.23
1515,2017-05-05,97.68,97.68,97.68,97.68
1516,2017-05-08,99.14,99.14,99.14,99.14
1517,2017-05-09,99.62,99.62,99.62,99.62
1518,2017-05-10,98.9,98.9,98.9,98.9
1519,2017-05-11,100.2,100.2,100.2,100.2
1520,2017-05-12,100.0,100.0,100.0,100.0
1521,2017-05-15,100.1,100.1,100.1,100.1
1522,2017-05-16,101.1,101.1,101.1,101.1
1523,2017-05-17,101.3,101.3,101.3,101.3
1524,2017-05-18,99.26,99.26,99.26,99.26
1525,2017-05-19,99.36,99.36,99.36,99.36
1526,2017-05-22,101.5,101.5,101.5,101.5
1527,2017-05-23,101.8,101.8,101.8,101.8
1528,2017-05-24,101.3,101.3,101.3,101.3
1529,2017-05-25,101.2,101.2,101.2,101.2
1530,2017-05-26,100.9,100.9,100.9,100.9
1531,2017-05-30,101.0,101.0,101.0,101.0
1532,2017-05-31,100.4,100.4,100.4,100.4
1533,2017-06-01,99.43,99.43,99.43,99.43
1534,2017-06-02,99.52,99.52,99.52,99.52
1535,2017-06-05,98.7,98.7,98.7,98.7
1536,2017-06-06,98.62,98.62,98.62,98.62
1537,2017-06-07,99.71,99.71,99.71,99.71
1538,2017-06-08,98.2,98.2,98.2,98.2
1539,2017-06-09,99.76,99.76,99.76,99.76
1540,2017-06-12,101.5,101.5,101.5,101.5
1541,2017-06-13,101.2,101.2,101.2,101.2
1542,2017-06-14,101.9,101.9,101.9,101.9
1543,2017-06-15,98.72,98.72,98.72,98.72
1544,2017-06-16,98.39,98.39,98.39,98.39
1545,2017-06-19,98.86,98.86,98.86,98.86
1546,2017-06-20,99.32,99.32,99.32,99.32
1547,2017-06-21,97.93,97.93,97.93,97.93
1548,2017-06-22,97.34,97.34,97.34,97.34
1549,2017-06-23,97.35,97.35,97.35,97.35
1550,2017-06-26,97.98,97.98,97.98,97.98
1551,2017-06-27,98.07,98.07,98.07,98.07
1552,2017-06-28,97.46,97.46,97.46,97.46
1553,2017-06-29,97.63,97.63,97.63,97.63
1554,2017-06-30,97.28,97.28,97.28,97.28
1555,2017-07-03,97.83,97.83,97.83,97.83
1556,2017-07-04,98.97,98.97,98.97,98.97
1557,2017-07-05,99.36,99.36,99.36,99.36
1558,2017-07-06,97.99,97.99,97.99,97.99
1559,2017-07-07,97.22,97.22,97.22,97.22
1560,2017-07-10,97.0,97.0,97.0,97.0
1561,2017-07-11,98.26,98.26,98.26,98.26
1562,2017-07-12,99.88,99.88,99.88,99.88
1563,2017-07-13,99.76,99.76,99.76,99.76
1564,2017-07-14,99.76,99.76,99.76,99.76
1565,2017-07-17,100.0,100.0,100.0,100.0
1566,2017-07-18,100.4,100.4,100.4,100.4
1567,2017-07-19,99.89,99.89,99.89,99.89
1568,2017-07-20,101.6,101.6,101.6,101.6
1569,2017-07-21,100.8,100.8,100.8,100.8
1570,2017-07-24,99.84,99.84,99.84,99.84
1571,2017-07-25,100.3,100.3,100.3,100.3
1572,2017-07-26,101.7,101.7,101.7,101.7
1573,2017-07-27,101.5,101.5,101.5,101.5
1574,2017-07-28,101.7,101.7,101.7,101.7
1575,2017-07-31,102.1,102.1,102.1,102.1
1576,2017-08-01,102.0,102.0,102.0,102.0
1577,2017-08-02,101.2,101.2,101.2,101.2
1578,2017-08-03,101.2,101.2,101.2,101.2
1579,2017-08-04,101.5,101.5,101.5,101.5
1580,2017-08-07,102.9,102.9,102.9,102.9
1581,2017-08-08,103.2,103.2,103.2,103.2
1582,2017-08-09,103.4,103.4,103.4,103.4
1583,2017-08-10,103.2,103.2,103.2,103.2
1584,2017-08-11,101.5,101.5,101.5,101.5
1585,2017-08-14,101.8,101.8,101.8,101.8
1586,2017-08-15,101.9,101.9,101.9,101.9
1587,2017-08-16,101.8,101.8,101.8,101.8
1588,2017-08-17,102.4,102.4,102.4,102.4
1589,2017-08-18,100.9,100.9,100.9,100.9
1590,2017-08-21,101.4,101.4,101.4,101.4
1591,2017-08-22,102.0,102.0,102.0,102.0
1592,2017-08-23,102.6,102.6,102.6,102.6
1593,2017-08-24,103.4,103.4,103.4,103.4
1594,2017-08-25,103.6,103.6,103.6,103.6
1595,2017-08-29,102.5,102.5,102.5,102.5
1596,2017-08-30,103.3,103.3,103.3,103.3
1597,2017-08-31,103.6,103.6,103.6,103.6
1598,2017-09-01,104.2,104.2,104.2,104.2
1599,2017-09-04,104.9,104.9,104.9,104.9
1600,2017-09-05,105.0,105.0,105.0,105.0
1601,2017-09-06,104.1,104.1,104.1,104.1
1602,2017-09-07,105.3,105.3,105.3,105.3
1603,2017-09-08,105.0,105.0,105.0,105.0
1604,2017-09-11,103.9,103.9,103.9,103.9
1605,2017-09-12,103.9,103.9,103.9,103.9
1606,2017-09-13,104.2,104.2,104.2,104.2
1607,2017-09-14,104.2,104.2,104.2,104.2
1608,2017-09-15,101.7,101.7,101.7,101.7
1609,2017-09-18,102.3,102.3,102.3,102.3
1610,2017-09-19,103.6,103.6,103.6,103.6
1611,2017-09-20,103.7,103.7,103.7,103.7
1612,2017-09-21,104.1,104.1,104.1,104.1
1613,2017-09-22,103.9,103.9,103.9,103.9
1614,2017-09-25,104.6,104.6,104.6,104.6
1615,2017-09-26,105.1,105.1,105.1,105.1
1616,2017-09-27,104.8,104.8,104.8,104.8
1617,2017-09-28,104.8,104.8,104.8,104.8
1618,2017-09-29,105.5,105.5,105.5,105.5
1619,2017-10-02,106.2,106.2,106.2,106.2
1620,2017-10-03,107.1,107.1,107.1,107.1
1621,2017-10-04,107.3,107.3,107.3,107.3
1622,2017-10-05,108.3,108.3,108.3,108.3
1623,2017-10-06,109.5,109.5,109.5,109.5
1624,2017-10-09,108.1,108.1,108.1,108.1
1625,2017-10-10,107.9,107.9,107.9,107.9
1626,2017-10-11,108.1,108.1,108.1,108.1
1627,2017-10-12,108.4,108.4,108.4,108.4
1628,2017-10-13,107.9,107.9,107.9,107.9
1629,2017-10-16,108.8,108.8,108.8,108.8
1630,2017-10-19,108.5,108.5,108.5,108.5
1631,2017-10-20,108.7,108.7,108.7,108.7
1632,2017-10-23,108.9,108.9,108.9,108.9
1633,2017-10-24,108.6,108.6,108.6,108.6
1634,2017-10-25,108.2,108.2,108.2,108.2
1635,2017-10-26,108.0,108.0,108.0,108.0
1636,2017-10-27,107.8,107.8,107.8,107.8
1637,2017-10-30,108.0,108.0,108.0,108.0
1638,2017-10-31,108.1,108.1,108.1,108.1
1639,2017-11-01,108.6,108.6,108.6,108.6
1640,2017-11-02,110.4,110.4,110.4,110.4
1641,2017-11-03,110.9,110.9,110.9,110.9
1642,2017-11-06,110.8,110.8,110.8,110.8
1643,2017-11-07,112.0,112.0,112.0,112.0
1644,2017-11-08,111.6,111.6,111.6,111.6
1645,2017-11-09,111.8,111.8,111.8,111.8
1646,2017-11-10,111.0,111.0,111.0,111.0
1647,2017-11-13,111.2,111.2,111.2,111.2
1648,2017-11-14,110.7,110.7,110.7,110.7
1649,2017-11-15,108.2,108.2,108.2,108.2
1650,2017-11-16,107.6,107.6,107.6,107.6
1651,2017-11-17,107.9,107.9,107.9,107.9
1652,2017-11-20,107.9,107.9,107.9,107.9
1653,2017-11-21,108.1,108.1,108.1,108.1
1654,2017-11-22,108.9,108.9,108.9,108.9
1655,2017-11-23,109.2,109.2,109.2,109.2
1656,2017-11-24,109.3,109.3,109.3,109.3
1657,2017-11-27,109.5,109.5,109.5,109.5
1658,2017-11-28,108.8,108.8,108.8,108.8
1659,2017-11-29,108.2,108.2,108.2,108.2
1660,2017-11-30,107.5,107.5,107.5,107.5
1661,2017-12-01,107.5,107.5,107.5,107.5
1662,2017-12-04,108.7,108.7,108.7,108.7
1663,2017-12-05,108.7,108.7,108.7,108.7
1664,2017-12-06,107.9,107.9,107.9,107.9
1665,2017-12-07,107.2,107.2,107.2,107.2
1666,2017-12-08,106.5,106.5,106.5,106.5
1667,2017-12-11,108.0,108.0,108.0,108.0
1668,2017-12-12,109.0,109.0,109.0,109.0
1669,2017-12-13,109.2,109.2,109.2,109.2
1670,2017-12-14,109.2,109.2,109.2,109.2
1671,2017-12-15,108.9,108.9,108.9,108.9
1672,2017-12-18,109.5,109.5,109.5,109.5
1673,2017-12-19,110.6,110.6,110.6,110.6
1674,2017-12-20,110.3,110.3,110.3,110.3
1675,2017-12-21,111.7,111.7,111.7,111.7
1676,2017-12-22,112.8,112.8,112.8,112.8
1677,2017-12-27,113.4,113.4,113.4,113.4
1678,2017-12-28,113.8,113.8,113.8,113.8
1679,2017-12-29,113.9,113.9,113.9,113.9
1680,2018-01-02,113.5,113.5,113.5,113.5
1681,2018-01-03,115.0,115.0,115.0,115.0
1682,2018-01-04,116.1,116.1,116.1,116.1
1683,2018-01-05,116.9,116.9,116.9,116.9
1684,2018-01-08,117.1,117.1,117.1,117.1
1685,2018-01-09,117.7,117.7,117.7,117.7
1686,2018-01-10,117.2,117.2,117.2,117.2
1687,2018-01-11,117.9,117.9,117.9,117.9
1688,2018-01-12,118.2,118.2,118.2,118.2
1689,2018-01-15,118.1,118.1,118.1,118.1
1690,2018-01-16,117.9,117.9,117.9,117.9
1691,2018-01-17,116.2,116.2,116.2,116.2
1692,2018-01-18,115.7,115.7,115.7,115.7
1693,2018-01-19,115.1,115.1,115.1,115.1
1694,2018-01-22,115.1,115.1,115.1,115.1
1695,2018-01-23,114.8,114.8,114.8,114.8
1696,2018-01-24,113.6,113.6,113.6,113.6
1697,2018-01-25,113.1,113.1,113.1,113.1
1698,2018-01-26,113.0,113.0,113.0,113.0
1699,2018-01-29,114.9,114.9,114.9,114.9
1700,2018-01-30,113.3,113.3,113.3,113.3
1701,2018-01-31,112.0,112.0,112.0,112.0
1702,2018-02-01,110.9,110.9,110.9,110.9
1703,2018-02-02,110.4,110.4,110.4,110.4
1704,2018-02-05,108.1,108.1,108.1,108.1
1705,2018-02-06,104.8,104.8,104.8,104.8
1706,2018-02-07,106.8,106.8,106.8,106.8
1707,2018-02-08,104.5,104.5,104.5,104.5
1708,2018-02-09,103.8,103.8,103.8,103.8
1709,2018-02-12,104.5,104.5,104.5,104.5
1710,2018-02-13,105.2,105.2,105.2,105.2
1711,2018-02-14,105.6,105.6,105.6,105.6
1712,2018-02-15,107.0,107.0,107.0,107.0
1713,2018-02-16,106.2,106.2,106.2,106.2
1714,2018-02-19,106.0,106.0,106.0,106.0
1715,2018-02-20,105.3,105.3,105.3,105.3
1716,2018-02-21,105.5,105.5,105.5,105.5
1717,2018-02-22,105.2,105.2,105.2,105.2
1718,2018-02-23,106.0,106.0,106.0,106.0
1719,2018-02-26,106.9,106.9,106.9,106.9
1720,2018-02-27,107.5,107.5,107.5,107.5
1721,2018-02-28,106.6,106.6,106.6,106.6
1722,2018-03-01,105.0,105.0,105.0,105.0
1723,2018-03-02,104.0,104.0,104.0,104.0
1724,2018-03-05,103.7,103.7,103.7,103.7
1725,2018-03-06,104.8,104.8,104.8,104.8
1726,2018-03-07,104.2,104.2,104.2,104.2
1727,2018-03-08,104.3,104.3,104.3,104.3
1728,2018-03-09,104.2,104.2,104.2,104.2
1729,2018-03-12,105.3,105.3,105.3,105.3
1730,2018-03-13,105.1,105.1,105.1,105.1
1731,2018-03-14,104.6,104.6,104.6,104.6
1732,2018-03-15,104.5,104.5,104.5,104.5
1733,2018-03-16,103.6,103.6,103.6,103.6
1734,2018-03-19,102.7,102.7,102.7,102.7
1735,2018-03-20,101.9,101.9,101.9,101.9
1736,2018-03-21,101.5,101.5,101.5,101.5
1737,2018-03-22,102.0,102.0,102.0,102.0
1738,2018-03-23,100.2,100.2,100.2,100.2
1739,2018-03-26,100.6,100.6,100.6,100.6
1740,2018-03-27,101.9,101.9,101.9,101.9
1741,2018-03-28,100.1,100.1,100.1,100.1
1742,2018-03-29,99.95,99.95,99.95,99.95
1743,2018-04-03,100.4,100.4,100.4,100.4
1744,2018-04-04,99.6,99.6,99.6,99.6
1745,2018-04-05,101.1,101.1,101.1,101.1
1746,2018-04-06,102.3,102.3,102.3,102.3
1747,2018-04-09,100.9,100.9,100.9,100.9
1748,2018-04-10,102.0,102.0,102.0,102.0
1749,2018-04-11,102.6,102.6,102.6,102.6
1750,2018-04-12,103.3,103.3,103.3,103.3
1751,2018-04-13,102.9,102.9,102.9,102.9
1752,2018-04-16,103.6,103.6,103.6,103.6
1753,2018-04-17,103.4,103.4,103.4,103.4
1754,2018-04-18,105.5,105.5,105.5,105.5
1755,2018-04-19,107.6,107.6,107.6,107.6
1756,2018-04-20,108.4,108.4,108.4,108.4
1757,2018-04-23,108.5,108.5,108.5,108.5
1758,2018-04-24,109.0,109.0,109.0,109.0
1759,2018-04-25,107.5,107.5,107.5,107.5
1760,2018-04-26,107.7,107.7,107.7,107.7
1761,2018-04-27,109.6,109.6,109.6,109.6
1762,2018-04-30,109.8,109.8,109.8,109.8
1763,2018-05-01,109.5,109.5,109.5,109.5
1764,2018-05-02,110.0,110.0,110.0,110.0
1765,2018-05-03,110.6,110.6,110.6,110.6
1766,2018-05-04,110.9,110.9,110.9,110.9
1767,2018-05-08,111.9,111.9,111.9,111.9
1768,2018-05-09,112.5,112.5,112.5,112.5
1769,2018-05-10,114.2,114.2,114.2,114.2
1770,2018-05-11,115.6,115.6,115.6,115.6
1771,2018-05-14,115.9,115.9,115.9,115.9
1772,2018-05-15,117.2,117.2,117.2,117.2
1773,2018-05-16,117.7,117.7,117.7,117.7
1774,2018-05-17,118.6,118.6,118.6,118.6
1775,2018-05-18,119.0,119.0,119.0,119.0
1776,2018-05-21,119.7,119.7,119.7,119.7
1777,2018-05-22,119.7,119.7,119.7,119.7
1778,2018-05-23,118.2,118.2,118.2,118.2
1779,2018-05-24,117.6,117.6,117.6,117.6
1780,2018-05-25,116.8,116.8,116.8,116.8
1781,2018-05-29,114.4,114.4,114.4,114.4
1782,2018-05-30,114.9,114.9,114.9,114.9
1783,2018-05-31,116.3,116.3,116.3,116.3
1784,2018-06-01,116.0,116.0,116.0,116.0
1785,2018-06-04,116.4,116.4,116.4,116.4
1786,2018-06-05,115.9,115.9,115.9,115.9
1787,2018-06-06,116.8,116.8,116.8,116.8
1788,2018-06-07,117.8,117.8,117.8,117.8
1789,2018-06-08,117.5,117.5,117.5,117.5
1790,2018-06-11,118.3,118.3,118.3,118.3
1791,2018-06-12,117.6,117.6,117.6,117.6
1792,2018-06-13,117.9,117.9,117.9,117.9
1793,2018-06-14,116.6,116.6,116.6,116.6
1794,2018-06-15,117.2,117.2,117.2,117.2
1795,2018-06-18,115.0,115.0,115.0,115.0
1796,2018-06-19,114.8,114.8,114.8,114.8
1797,2018-06-20,115.4,115.4,115.4,115.4
1798,2018-06-21,114.6,114.6,114.6,114.6
1799,2018-06-22,113.7,113.7,113.7,113.7
1800,2018-06-25,114.6,114.6,114.6,114.6
1801,2018-06-26,113.5,113.5,113.5,113.5
1802,2018-06-27,114.6,114.6,114.6,114.6
1803,2018-06-28,115.7,115.7,115.7,115.7
1804,2018-06-29,115.6,115.6,115.6,115.6
1805,2018-07-02,115.0,115.0,115.0,115.0
1806,2018-07-03,114.1,114.1,114.1,114.1
1807,2018-07-04,113.7,113.7,113.7,113.7
1808,2018-07-05,114.2,114.2,114.2,114.2
1809,2018-07-06,113.6,113.6,113.6,113.6
1810,2018-07-09,114.5,114.5,114.5,114.5
1811,2018-07-10,115.8,115.8,115.8,115.8
1812,2018-07-11,114.5,114.5,114.5,114.5
1813,2018-07-12,113.6,113.6,113.6,113.6
1814,2018-07-13,114.2,114.2,114.2,114.2
1815,2018-07-16,113.3,113.3,113.3,113.3
1816,2018-07-17,112.6,112.6,112.6,112.6
1817,2018-07-18,114.4,114.4,114.4,114.4
1818,2018-07-19,114.6,114.6,114.6,114.6
1819,2018-07-20,113.6,113.6,113.6,113.6
1820,2018-07-23,112.9,112.9,112.9,112.9
1821,2018-07-24,113.5,113.5,113.5,113.5
1822,2018-07-25,114.0,114.0,114.0,114.0
1823,2018-07-26,114.6,114.6,114.6,114.6
1824,2018-07-27,116.0,116.0,116.0,116.0
1825,2018-07-30,115.8,115.8,115.8,115.8
1826,2018-07-31,115.9,115.9,115.9,115.9
1827,2018-08-01,116.2,116.2,116.2,116.2
1828,2018-08-02,114.0,114.0,114.0,114.0
1829,2018-08-03,116.1,116.1,116.1,116.1
1830,2018-08-06,116.9,116.9,116.9,116.9
1831,2018-08-07,117.8,117.8,117.8,117.8
1832,2018-08-08,118.3,118.3,118.3,118.3
1833,2018-08-09,118.1,118.1,118.1,118.1
1834,2018-08-10,118.0,118.0,118.0,118.0
1835,2018-08-13,116.7,116.7,116.7,116.7
1836,2018-08-14,115.7,115.7,115.7,115.7
1837,2018-08-15,114.7,114.7,114.7,114.7
1838,2018-08-16,113.1,113.1,113.1,113.1
1839,2018-08-17,113.2,113.2,113.2,113.2
1840,2018-08-20,114.5,114.5,114.5,114.5
1841,2018-08-21,114.0,114.0,114.0,114.0
1842,2018-08-22,114.2,114.2,114.2,114.2
1843,2018-08-23,114.5,114.5,114.5,114.5
1844,2018-08-24,114.6,114.6,114.6,114.6
1845,2018-08-28,117.0,117.0,117.0,117.0
1846,2018-08-29,116.4,116.4,116.4,116.4
1847,2018-08-30,115.9,115.9,115.9,115.9
1848,2018-08-31,114.6,114.6,114.6,114.6
1849,2018-09-03,114.9,114.9,114.9,114.9
1850,2018-09-04,114.9,114.9,114.9,114.9
1851,2018-09-05,113.5,113.5,113.5,113.5
1852,2018-09-06,112.3,112.3,112.3,112.3
1853,2018-09-07,110.7,110.7,110.7,110.7
1854,2018-09-10,111.3,111.3,111.3,111.3
1855,2018-09-11,110.2,110.2,110.2,110.2
1856,2018-09-12,111.3,111.3,111.3,111.3
1857,2018-09-13,111.7,111.7,111.7,111.7
1858,2018-09-14,111.8,111.8,111.8,111.8
1859,2018-09-17,111.7,111.7,111.7,111.7
1860,2018-09-18,112.4,112.4,112.4,112.4
1861,2018-09-19,113.4,113.4,113.4,113.4
1862,2018-09-20,114.4,114.4,114.4,114.4
1863,2018-09-21,115.7,115.7,115.7,115.7
1864,2018-09-24,116.5,116.5,116.5,116.5
1865,2018-09-25,116.6,116.6,116.6,116.6
1866,2018-09-26,117.0,117.0,117.0,117.0
1867,2018-09-27,116.1,116.1,116.1,116.1
1868,2018-09-28,116.3,116.3,116.3,116.3
1869,2018-10-01,117.2,117.2,117.2,117.2
1870,2018-10-02,117.6,117.6,117.6,117.6
1871,2018-10-03,118.2,118.2,118.2,118.2
1872,2018-10-04,118.0,118.0,118.0,118.0
1873,2018-10-05,116.4,116.4,116.4,116.4
1874,2018-10-08,115.1,115.1,115.1,115.1
1875,2018-10-09,115.3,115.3,115.3,115.3
1876,2018-10-10,114.0,114.0,114.0,114.0
1877,2018-10-11,109.1,109.1,109.1,109.1
1878,2018-10-12,110.9,110.9,110.9,110.9
1879,2018-10-15,110.4,110.4,110.4,110.4
1880,2018-10-16,110.2,110.2,110.2,110.2
1881,2018-10-17,112.2,112.2,112.2,112.2
1882,2018-10-18,111.1,111.1,111.1,111.1
1883,2018-10-19,110.6,110.6,110.6,110.6
1884,2018-10-22,110.8,110.8,110.8,110.8
1885,2018-10-23,108.8,108.8,108.8,108.8
1886,2018-10-24,108.2,108.2,108.2,108.2
1887,2018-10-25,106.3,106.3,106.3,106.3
1888,2018-10-26,104.4,104.4,104.4,104.4
1889,2018-10-29,107.3,107.3,107.3,107.3
1890,2018-10-30,106.5,106.5,106.5,106.5
1891,2018-10-31,108.3,108.3,108.3,108.3
1892,2018-11-01,107.9,107.9,107.9,107.9
1893,2018-11-02,110.0,110.0,110.0,110.0
1894,2018-11-05,108.7,108.7,108.7,108.7
1895,2018-11-06,108.4,108.4,108.4,108.4
1896,2018-11-07,109.6,109.6,109.6,109.6
1897,2018-11-08,109.8,109.8,109.8,109.8
1898,2018-11-09,107.7,107.7,107.7,107.7
1899,2018-11-12,108.3,108.3,108.3,108.3
1900,2018-11-13,106.3,106.3,106.3,106.3
1901,2018-11-14,104.5,104.5,104.5,104.5
1902,2018-11-15,105.9,105.9,105.9,105.9
1903,2018-11-16,107.2,107.2,107.2,107.2
1904,2018-11-19,107.7,107.7,107.7,107.7
1905,2018-11-20,106.3,106.3,106.3,106.3
1906,2018-11-21,104.5,104.5,104.5,104.5
1907,2018-11-22,105.1,105.1,105.1,105.1
1908,2018-11-23,104.5,104.5,104.5,104.5
1909,2018-11-26,103.4,103.4,103.4,103.4
1910,2018-11-27,103.8,103.8,103.8,103.8
1911,2018-11-28,102.4,102.4,102.4,102.4
1912,2018-11-29,103.9,103.9,103.9,103.9
1913,2018-11-30,104.1,104.1,104.1,104.1
1914,2018-12-03,106.6,106.6,106.6,106.6
1915,2018-12-04,106.5,106.5,106.5,106.5
1916,2018-12-05,104.4,104.4,104.4,104.4
1917,2018-12-06,102.3,102.3,102.3,102.3
1918,2018-12-07,101.9,101.9,101.9,101.9
1919,2018-12-10,102.7,102.7,102.7,102.7
1920,2018-12-11,103.0,103.0,103.0,103.0
1921,2018-12-12,103.8,103.8,103.8,103.8
1922,2018-12-13,103.0,103.0,103.0,103.0
1923,2018-12-14,102.5,102.5,102.5,102.5
1924,2018-12-17,102.1,102.1,102.1,102.1
1925,2018-12-18,100.3,100.3,100.3,100.3
1926,2018-12-19,99.84,99.84,99.84,99.84
1927,2018-12-20,97.88,97.88,97.88,97.88
1928,2018-12-21,97.16,97.16,97.16,97.16
1929,2018-12-24,96.79,96.79,96.79,96.79
1930,2018-12-27,97.09,97.09,97.09,97.09
1931,2018-12-28,98.91,98.91,98.91,98.91
1932,2018-12-31,98.16,98.16,98.16,98.16
1933,2019-01-02,97.41,97.41,97.41,97.41
1934,2019-01-03,98.55,98.55,98.55,98.55
1935,2019-01-04,99.05,99.05,99.05,99.05
1936,2019-01-07,100.8,100.8,100.8,100.8
1937,2019-01-08,101.6,101.6,101.6,101.6
1938,2019-01-09,102.9,102.9,102.9,102.9
1939,2019-01-10,103.1,103.1,103.1,103.1
1940,2019-01-11,103.5,103.5,103.5,103.5
1941,2019-01-14,101.8,101.8,101.8,101.8
1942,2019-01-15,102.1,102.1,102.1,102.1
1943,2019-01-16,101.8,101.8,101.8,101.8
1944,2019-01-17,102.0,102.0,102.0,102.0
1945,2019-01-18,103.4,103.4,103.4,103.4
1946,2019-01-21,104.3,104.3,104.3,104.3
1947,2019-01-22,103.1,103.1,103.1,103.1
1948,2019-01-23,101.3,101.3,101.3,101.3
1949,2019-01-24,100.9,100.9,100.9,100.9
1950,2019-01-25,101.3,101.3,101.3,101.3
1951,2019-01-28,102.0,102.0,102.0,102.0
1952,2019-01-29,101.4,101.4,101.4,101.4
1953,2019-01-30,103.3,103.3,103.3,103.3
1954,2019-01-31,104.7,104.7,104.7,104.7
1955,2019-02-01,105.4,105.4,105.4,105.4
1956,2019-02-04,105.9,105.9,105.9,105.9
1957,2019-02-05,106.8,106.8,106.8,106.8
1958,2019-02-06,106.8,106.8,106.8,106.8
1959,2019-02-07,106.4,106.4,106.4,106.4
1960,2019-02-08,104.6,104.6,104.6,104.6
1961,2019-02-11,105.2,105.2,105.2,105.2
1962,2019-02-12,106.0,106.0,106.0,106.0
1963,2019-02-13,106.3,106.3,106.3,106.3
1964,2019-02-14,107.3,107.3,107.3,107.3
1965,2019-02-15,107.1,107.1,107.1,107.1
1966,2019-02-18,107.3,107.3,107.3,107.3
1967,2019-02-19,107.2,107.2,107.2,107.2
1968,2019-02-20,107.4,107.4,107.4,107.4
1969,2019-02-21,108.2,108.2,108.2,108.2
1970,2019-02-22,108.3,108.3,108.3,108.3
1971,2019-02-25,108.4,108.4,108.4,108.4
1972,2019-02-26,107.1,107.1,107.1,107.1
1973,2019-02-27,106.7,106.7,106.7,106.7
1974,2019-02-28,106.4,106.4,106.4,106.4
1975,2019-03-01,106.7,106.7,106.7,106.7
1976,2019-03-04,106.6,106.6,106.6,106.6
1977,2019-03-05,106.7,106.7,106.7,106.7
1978,2019-03-06,107.2,107.2,107.2,107.2
1979,2019-03-07,106.1,106.1,106.1,106.1
1980,2019-03-08,105.1,105.1,105.1,105.1
1981,2019-03-11,105.3,105.3,105.3,105.3
1982,2019-03-12,106.0,106.0,106.0,106.0
1983,2019-03-13,106.4,106.4,106.4,106.4
1984,2019-03-14,106.9,106.9,106.9,106.9
1985,2019-03-15,106.1,106.1,106.1,106.1
1986,2019-03-18,106.5,106.5,106.5,106.5
1987,2019-03-19,107.3,107.3,107.3,107.3
1988,2019-03-20,107.2,107.2,107.2,107.2
1989,2019-03-21,108.4,108.4,108.4,108.4
1990,2019-03-22,108.4,108.4,108.4,108.4
1991,2019-03-25,105.9,105.9,105.9,105.9
1992,2019-03-26,106.5,106.5,106.5,106.5
1993,2019-03-27,106.7,106.7,106.7,106.7
1994,2019-03-28,107.1,107.1,107.1,107.1
1995,2019-03-29,108.1,108.1,108.1,108.1
1996,2019-04-01,109.4,109.4,109.4,109.4
1997,2019-04-02,110.3,110.3,110.3,110.3
1998,2019-04-03,109.8,109.8,109.8,109.8
1999,2019-04-04,109.6,109.6,109.6,109.6
2000,2019-04-05,110.9,110.9,110.9,110.9
2001,2019-04-08,111.8,111.8,111.8,111.8
2002,2019-04-09,112.3,112.3,112.3,112.3
2003,2019-04-10,111.3,111.3,111.3,111.3
2004,2019-04-11,111.1,111.1,111.1,111.1
2005,2019-04-12,111.0,111.0,111.0,111.0
2006,2019-04-15,110.8,110.8,110.8,110.8
2007,2019-04-16,110.7,110.7,110.7,110.7
2008,2019-04-17,111.4,111.4,111.4,111.4
2009,2019-04-18,111.5,111.5,111.5,111.5
2010,2019-04-23,111.7,111.7,111.7,111.7
2011,2019-04-24,111.4,111.4,111.4,111.4
2012,2019-04-25,110.3,110.3,110.3,110.3
2013,2019-04-26,109.4,109.4,109.4,109.4
2014,2019-04-29,109.3,109.3,109.3,109.3
2015,2019-04-30,108.5,108.5,108.5,108.5
2016,2019-05-01,108.2,108.2,108.2,108.2
2017,2019-05-02,106.8,106.8,106.8,106.8
2018,2019-05-03,106.7,106.7,106.7,106.7
2019,2019-05-07,105.4,105.4,105.4,105.4
2020,2019-05-08,104.9,104.9,104.9,104.9
2021,2019-05-09,105.2,105.2,105.2,105.2
2022,2019-05-10,104.5,104.5,104.5,104.5
2023,2019-05-13,104.2,104.2,104.2,104.2
2024,2019-05-14,103.9,103.9,103.9,103.9
2025,2019-05-15,104.4,104.4,104.4,104.4
2026,2019-05-16,106.3,106.3,106.3,106.3
2027,2019-05-17,106.8,106.8,106.8,106.8
2028,2019-05-20,106.2,106.2,106.2,106.2
2029,2019-05-21,107.1,107.1,107.1,107.1
2030,2019-05-22,107.4,107.4,107.4,107.4
2031,2019-05-23,104.9,104.9,104.9,104.9
2032,2019-05-24,104.4,104.4,104.4,104.4
2033,2019-05-28,105.1,105.1,105.1,105.1
2034,2019-05-29,104.2,104.2,104.2,104.2
2035,2019-05-30,104.3,104.3,104.3,104.3
2036,2019-05-31,103.4,103.4,103.4,103.4
2037,2019-06-03,103.8,103.8,103.8,103.8
2038,2019-06-04,105.1,105.1,105.1,105.1
2039,2019-06-05,106.7,106.7,106.7,106.7
2040,2019-06-06,106.1,106.1,106.1,106.1
2041,2019-06-07,106.8,106.8,106.8,106.8
2042,2019-06-10,107.7,107.7,107.7,107.7
2043,2019-06-11,108.4,108.4,108.4,108.4
2044,2019-06-12,108.2,108.2,108.2,108.2
2045,2019-06-13,108.6,108.6,108.6,108.6
2046,2019-06-14,109.1,109.1,109.1,109.1
2047,2019-06-17,108.8,108.8,108.8,108.8
2048,2019-06-18,110.1,110.1,110.1,110.1
2049,2019-06-24,112.1,112.1,112.1,112.1
2050,2019-06-25,112.3,112.3,112.3,112.3
2051,2019-06-26,112.5,112.5,112.5,112.5
2052,2019-06-27,112.4,112.4,112.4,112.4
2053,2019-06-28,112.5,112.5,112.5,112.5
2054,2019-07-01,114.5,114.5,114.5,114.5
2055,2019-07-02,114.1,114.1,114.1,114.1
2056,2019-07-03,114.1,114.1,114.1,114.1
2057,2019-07-04,114.0,114.0,114.0,114.0
2058,2019-07-05,113.9,113.9,113.9,113.9
2059,2019-07-08,113.5,113.5,113.5,113.5
2060,2019-07-09,113.6,113.6,113.6,113.6
2061,2019-07-10,113.5,113.5,113.5,113.5
2062,2019-07-11,113.6,113.6,113.6,113.6
2063,2019-07-12,113.6,113.6,113.6,113.6
2064,2019-07-15,113.7,113.7,113.7,113.7
2065,2019-07-16,114.4,114.4,114.4,114.4
2066,2019-07-17,114.3,114.3,114.3,114.3
2067,2019-07-18,113.4,113.4,113.4,113.4
2068,2019-07-19,113.5,113.5,113.5,113.5
2069,2019-07-22,114.8,114.8,114.8,114.8
2070,2019-07-23,115.1,115.1,115.1,115.1
2071,2019-07-24,114.4,114.4,114.4,114.4
2072,2019-07-25,115.0,115.0,115.0,115.0
2073,2019-07-26,113.9,113.9,113.9,113.9
2074,2019-07-29,115.0,115.0,115.0,115.0
2075,2019-07-30,115.8,115.8,115.8,115.8
2076,2019-07-31,115.8,115.8,115.8,115.8
2077,2019-08-01,113.9,113.9,113.9,113.9
2078,2019-08-02,111.7,111.7,111.7,111.7
2079,2019-08-05,108.9,108.9,108.9,108.9
2080,2019-08-06,108.9,108.9,108.9,108.9
2081,2019-08-07,109.4,109.4,109.4,109.4
2082,2019-08-08,109.7,109.7,109.7,109.7
2083,2019-08-09,111.5,111.5,111.5,111.5
2084,2019-08-12,110.1,110.1,110.1,110.1
2085,2019-08-13,109.3,109.3,109.3,109.3
2086,2019-08-14,108.9,108.9,108.9,108.9
2087,2019-08-15,106.6,106.6,106.6,106.6
2088,2019-08-16,106.8,106.8,106.8,106.8
2089,2019-08-19,107.8,107.8,107.8,107.8
2090,2019-08-20,108.2,108.2,108.2,108.2
2091,2019-08-21,108.0,108.0,108.0,108.0
2092,2019-08-22,107.7,107.7,107.7,107.7
2093,2019-08-23,106.7,106.7,106.7,106.7
2094,2019-08-27,105.6,105.6,105.6,105.6
2095,2019-08-28,106.1,106.1,106.1,106.1
2096,2019-08-29,107.9,107.9,107.9,107.9
2097,2019-08-30,108.7,108.7,108.7,108.7
2098,2019-09-02,109.7,109.7,109.7,109.7
2099,2019-09-03,109.1,109.1,109.1,109.1
2100,2019-09-04,108.8,108.8,108.8,108.8
2101,2019-09-05,109.5,109.5,109.5,109.5
2102,2019-09-06,109.4,109.4,109.4,109.4
2103,2019-09-09,108.5,108.5,108.5,108.5
2104,2019-09-10,108.6,108.6,108.6,108.6
2105,2019-09-11,109.9,109.9,109.9,109.9
2106,2019-09-12,110.5,110.5,110.5,110.5
2107,2019-09-13,109.9,109.9,109.9,109.9
2108,2019-09-16,110.9,110.9,110.9,110.9
2109,2019-09-17,111.4,111.4,111.4,111.4
2110,2019-09-18,110.7,110.7,110.7,110.7
2111,2019-09-19,110.2,110.2,110.2,110.2
2112,2019-09-20,109.8,109.8,109.8,109.8
2113,2019-09-23,110.1,110.1,110.1,110.1
2114,2019-09-24,109.6,109.6,109.6,109.6
2115,2019-09-25,108.7,108.7,108.7,108.7
2116,2019-09-26,109.6,109.6,109.6,109.6
2117,2019-09-27,109.3,109.3,109.3,109.3
2118,2019-09-30,108.9,108.9,108.9,108.9
2119,2019-10-01,109.0,109.0,109.0,109.0
2120,2019-10-02,106.7,106.7,106.7,106.7
2121,2019-10-03,105.2,105.2,105.2,105.2
2122,2019-10-04,105.5,105.5,105.5,105.5
2123,2019-10-07,106.4,106.4,106.4,106.4
2124,2019-10-08,106.5,106.5,106.5,106.5
2125,2019-10-09,106.5,106.5,106.5,106.5
2126,2019-10-10,106.4,106.4,106.4,106.4
2127,2019-10-11,105.9,105.9,105.9,105.9
2128,2019-10-14,105.9,105.9,105.9,105.9
2129,2019-10-15,104.7,104.7,104.7,104.7
2130,2019-10-16,103.4,103.4,103.4,103.4
2131,2019-10-17,102.7,102.7,102.7,102.7
2132,2019-10-18,103.0,103.0,103.0,103.0
2133,2019-10-21,102.7,102.7,102.7,102.7
2134,2019-10-22,103.0,103.0,103.0,103.0
2135,2019-10-23,104.1,104.1,104.1,104.1
2136,2019-10-24,104.7,104.7,104.7,104.7
2137,2019-10-25,105.0,105.0,105.0,105.0
2138,2019-10-28,106.0,106.0,106.0,106.0
2139,2019-10-29,105.4,105.4,105.4,105.4
2140,2019-10-30,105.5,105.5,105.5,105.5
2141,2019-10-31,104.5,104.5,104.5,104.5
2142,2019-11-01,104.3,104.3,104.3,104.3
2143,2019-11-04,107.0,107.0,107.0,107.0
2144,2019-11-05,108.3,108.3,108.3,108.3
2145,2019-11-06,108.7,108.7,108.7,108.7
2146,2019-11-07,108.6,108.6,108.6,108.6
2147,2019-11-08,108.9,108.9,108.9,108.9
2148,2019-11-11,107.8,107.8,107.8,107.8
2149,2019-11-12,107.9,107.9,107.9,107.9
2150,2019-11-13,107.3,107.3,107.3,107.3
2151,2019-11-14,106.9,106.9,106.9,106.9
2152,2019-11-15,106.3,106.3,106.3,106.3
2153,2019-11-18,107.0,107.0,107.0,107.0
2154,2019-11-19,106.9,106.9,106.9,106.9
2155,2019-11-20,105.9,105.9,105.9,105.9
2156,2019-11-21,105.3,105.3,105.3,105.3
2157,2019-11-22,106.4,106.4,106.4,106.4
2158,2019-11-25,106.4,106.4,106.4,106.4
2159,2019-11-26,106.8,106.8,106.8,106.8
2160,2019-11-27,106.7,106.7,106.7,106.7
2161,2019-11-28,106.2,106.2,106.2,106.2
2162,2019-11-29,106.0,106.0,106.0,106.0
2163,2019-12-02,105.6,105.6,105.6,105.6
2164,2019-12-03,104.5,104.5,104.5,104.5
2165,2019-12-04,103.6,103.6,103.6,103.6
2166,2019-12-05,103.6,103.6,103.6,103.6
2167,2019-12-06,103.9,103.9,103.9,103.9
2168,2019-12-09,104.6,104.6,104.6,104.6
2169,2019-12-10,104.1,104.1,104.1,104.1
2170,2019-12-11,104.4,104.4,104.4,104.4
2171,2019-12-12,105.0,105.0,105.0,105.0
2172,2019-12-13,105.1,105.1,105.1,105.1
2173,2019-12-16,105.0,105.0,105.0,105.0
2174,2019-12-17,106.5,106.5,106.5,106.5
2175,2019-12-18,107.9,107.9,107.9,107.9
2176,2019-12-19,108.0,108.0,108.0,108.0
2177,2019-12-20,108.7,108.7,108.7,108.7
2178,2019-12-23,108.9,108.9,108.9,108.9
2179,2019-12-24,110.0,110.0,110.0,110.0
2180,2019-12-27,110.2,110.2,110.2,110.2
2181,2019-12-30,109.3,109.3,109.3,109.3
2182,2019-12-31,108.5,108.5,108.5,108.5
2183,2020-01-02,109.5,109.5,109.5,109.5
2184,2020-01-03,109.6,109.6,109.6,109.6
2185,2020-01-06,109.3,109.3,109.3,109.3
2186,2020-01-07,109.4,109.4,109.4,109.4
2187,2020-01-08,109.9,109.9,109.9,109.9
2188,2020-01-09,109.9,109.9,109.9,109.9
2189,2020-01-10,109.0,109.0,109.0,109.0
2190,2020-01-13,109.7,109.7,109.7,109.7
2191,2020-01-14,110.1,110.1,110.1,110.1
2192,2020-01-15,110.1,110.1,110.1,110.1
2193,2020-01-16,109.9,109.9,109.9,109.9
2194,2020-01-17,110.5,110.5,110.5,110.5
2195,2020-01-20,111.1,111.1,111.1,111.1
2196,2020-01-21,109.9,109.9,109.9,109.9
2197,2020-01-22,108.5,108.5,108.5,108.5
2198,2020-01-23,107.6,107.6,107.6,107.6
2199,2020-01-24,107.6,107.6,107.6,107.6
2200,2020-01-27,104.7,104.7,104.7,104.7
2201,2020-01-28,104.0,104.0,104.0,104.0
2202,2020-01-29,104.6,104.6,104.6,104.6
2203,2020-01-30,102.7,102.7,102.7,102.7
2204,2020-01-31,101.9,101.9,101.9,101.9
2205,2020-02-03,101.2,101.2,101.2,101.2
2206,2020-02-04,102.8,102.8,102.8,102.8
2207,2020-02-05,103.9,103.9,103.9,103.9
2208,2020-02-06,105.4,105.4,105.4,105.4
2209,2020-02-07,104.7,104.7,104.7,104.7
2210,2020-02-10,103.3,103.3,103.3,103.3
2211,2020-02-11,103.6,103.6,103.6,103.6
2212,2020-02-12,104.7,104.7,104.7,104.7
2213,2020-02-13,104.3,104.3,104.3,104.3
2214,2020-02-14,104.3,104.3,104.3,104.3
2215,2020-02-17,104.2,104.2,104.2,104.2
2216,2020-02-18,103.3,103.3,103.3,103.3
2217,2020-02-19,104.1,104.1,104.1,104.1
2218,2020-02-20,105.6,105.6,105.6,105.6
2219,2020-02-21,104.7,104.7,104.7,104.7
2220,2020-02-24,101.5,101.5,101.5,101.5
2221,2020-02-25,100.0,100.0,100.0,100.0
2222,2020-02-26,97.49,97.49,97.49,97.49
2223,2020-02-27,95.47,95.47,95.47,95.47
2224,2020-02-28,90.5,90.5,90.5,90.5
2225,2020-03-02,90.93,90.93,90.93,90.93
2226,2020-03-03,95.03,95.03,95.03,95.03
2227,2020-03-04,95.47,95.47,95.47,95.47
2228,2020-03-05,93.73,93.73,93.73,93.73
2229,2020-03-06,90.12,90.12,90.12,90.12
2230,2020-03-09,80.43,80.43,80.43,80.43
2231,2020-03-10,80.52,80.52,80.52,80.52
2232,2020-03-11,79.46,79.46,79.46,79.46
2233,2020-03-12,73.6,73.6,73.6,73.6
2234,2020-03-13,73.99,73.99,73.99,73.99
2235,2020-03-16,67.62,67.62,67.62,67.62
2236,2020-03-17,69.52,69.52,69.52,69.52
2237,2020-03-18,68.43,68.43,68.43,68.43
2238,2020-03-19,67.38,67.38,67.38,67.38
2239,2020-03-20,71.32,71.32,71.32,71.32
2240,2020-03-23,68.84,68.84,68.84,68.84
2241,2020-03-24,73.42,73.42,73.42,73.42
2242,2020-03-25,78.01,78.01,78.01,78.01
2243,2020-03-26,78.37,78.37,78.37,78.37
2244,2020-03-27,77.96,77.96,77.96,77.96
2245,2020-03-30,75.72,75.72,75.72,75.72
2246,2020-03-31,78.0,78.0,78.0,78.0
2247,2020-04-01,76.26,76.26,76.26,76.26
2248,2020-04-02,77.69,77.69,77.69,77.69
2249,2020-04-03,78.15,78.15,78.15,78.15
2250,2020-04-06,79.11,79.11,79.11,79.11
2251,2020-04-07,82.64,82.64,82.64,82.64
2252,2020-04-08,80.83,80.83,80.83,80.83
2253,2020-04-09,82.34,82.34,82.34,82.34
2254,2020-04-14,85.0,85.0,85.0,85.0
2255,2020-04-15,82.73,82.73,82.73,82.73
2256,2020-04-16,81.76,81.76,81.76,81.76
2257,2020-04-17,83.74,83.74,83.74,83.74
