Date,Commodities,Gov Bonds,International,Property,UK
16/03/2011,1505,158.19,1.02,100.6,143.74
17/03/2011,1479,158.09,1.01,100,142.51
18/03/2011,1500,158.19,1.02,101.1,144.38
21/03/2011,1521,158.19,1.02,101.8,145.19
22/03/2011,1527,157.29,1.03,101.6,145.84
23/03/2011,1541,157.69,1.03,101.8,144.86
24/03/2011,1603,157.69,1.04,102.6,145.71
25/03/2011,1613,157.39,1.05,103.3,147.17
28/03/2011,1611,156.89,1.06,104.1,147.88
29/03/2011,1588,157.59,1.05,103.8,147.69
30/03/2011,1599,156.69,1.06,104.6,148.19
31/03/2011,1604,157.39,1.06,104.9,148.97
01/04/2011,1624,156.49,1.06,105.7,148.62
04/04/2011,1615,156.59,1.06,105.4,149.17
05/04/2011,1605,156.49,1.06,104.7,149.41
06/04/2011,1664,156.29,1.05,104.8,149.82
07/04/2011,1655,155.99,1.05,104.2,149.75
08/04/2011,1663,155.89,1.06,104.1,149.58
11/04/2011,1678,155.69,1.05,103.6,149.23
12/04/2011,1641,156.39,1.06,103.3,149.02
13/04/2011,1623,156.39,1.06,103.8,149.14
14/04/2011,1595,157.49,1.06,103.3,149.7
15/04/2011,1616,157.59,1.06,103.9,149.94
18/04/2011,1611,158.49,1.07,104.4,150.3
19/04/2011,1601,158.39,1.06,103.6,150.25
20/04/2011,1635,158.19,1.07,105.1,152.31
21/04/2011,1642,158.29,1.06,105.1,152.82
22/04/2011,1642,158.29,1.06,105.1,152.82
25/04/2011,1642,158.29,1.06,105.1,152.82
26/04/2011,1630,159.19,1.07,105.7,153.63
27/04/2011,1609,158.89,1.07,105.8,154.02
28/04/2011,1622,159.09,1.07,106,154.29
29/04/2011,1622,159.09,1.07,106,154.29
02/05/2011,1622,159.09,1.07,106,154.29
03/05/2011,1616,160.19,1.09,107.6,155.42
04/05/2011,1570,159.99,1.09,106.8,155.69
05/05/2011,1553,159.99,1.09,106.2,153.88
06/05/2011,1525,160.09,1.09,106.6,151.73
09/05/2011,1534,160.19,1.1,106.4,152.92
10/05/2011,1553,160.19,1.11,107.1,153.63
11/05/2011,1547,159.49,1.11,107.1,155.72
12/05/2011,1492,160.19,1.11,106.4,155.28
13/05/2011,1500,159.79,1.13,107.3,156.63
16/05/2011,1475,160.29,1.12,106.2,155.56
17/05/2011,1489,159.79,1.12,106.2,155.37
18/05/2011,1503,160.19,1.12,107.3,155.39
19/05/2011,1522,159.49,1.13,108.1,155.62
20/05/2011,1515,160.29,1.13,108,156.7
23/05/2011,1505,160.99,1.12,106.3,154.57
24/05/2011,1515,160.69,1.12,106.4,154.29
25/05/2011,1521,160.79,1.11,105.9,153.98
26/05/2011,1534,160.99,1.11,106,154.3
27/05/2011,1539,161.09,1.11,106.6,154.96
30/05/2011,1539,161.09,1.11,106.6,154.96
31/05/2011,1565,161.19,1.12,107.7,156.02
01/06/2011,1574,161.59,1.13,108.6,156.83
02/06/2011,1551,161.79,1.12,106.9,155.1
03/06/2011,1546,161.69,1.11,106.7,155.83
06/06/2011,1535,161.59,1.1,106.2,155.47
07/06/2011,1520,161.09,1.1,105.7,156.05
08/06/2011,1496,160.89,1.1,105.8,154.58
09/06/2011,1478,161.49,1.09,105.3,153.98
10/06/2011,1507,161.59,1.1,105.3,155.01
13/06/2011,1487,161.79,1.09,103.8,152.93
14/06/2011,1468,161.49,1.09,104,153.94
15/06/2011,1488,161.29,1.1,105.2,154.46
16/06/2011,1472,162.09,1.09,104.2,152.51
17/06/2011,1456,161.69,1.09,104.7,151.84
20/06/2011,1445,162.09,1.09,104.2,151.84
21/06/2011,1462,161.59,1.1,105.5,152.85
22/06/2011,1491,162.29,1.11,105.9,153.68
23/06/2011,1508,161.79,1.11,106.3,152.79
24/06/2011,1495,162.29,1.1,106,152.71
27/06/2011,1467,162.59,1.1,105.6,152.32
28/06/2011,1477,161.89,1.11,106.2,152.26
29/06/2011,1503,160.29,1.12,107.4,153.76
30/06/2011,1519,161.09,1.12,108.3,155.99
01/07/2011,1520,160.39,1.13,108.5,157.41
04/07/2011,1514,160.49,1.13,109.6,158.83
05/07/2011,1507,160.69,1.14,109.6,160.33
06/07/2011,1529,161.29,1.14,110.5,159.61
07/07/2011,1551,161.29,1.15,110.9,160.05
08/07/2011,1564,161.29,1.15,112,161.07
11/07/2011,1549,162.79,1.15,110.5,158.9
12/07/2011,1536,163.89,1.14,109.4,155.48
13/07/2011,1584,162.79,1.14,110.1,156.87
14/07/2011,1611,162.89,1.13,108.2,156.22
15/07/2011,1615,162.99,1.12,107.5,155.45
18/07/2011,1625,163.69,1.12,107.5,155.11
19/07/2011,1658,163.29,1.11,107.6,154.13
20/07/2011,1639,163.19,1.12,108.7,155.67
21/07/2011,1640,163.29,1.12,108.5,155.3
22/07/2011,1628,162.29,1.12,109.2,157.59
25/07/2011,1646,163.69,1.12,108.8,156.71
26/07/2011,1637,163.59,1.11,108.5,156.06
27/07/2011,1645,163.79,1.11,108.6,155.46
28/07/2011,1617,164.39,1.1,107.1,153.88
29/07/2011,1606,164.69,1.1,106.9,154.36
01/08/2011,1590,164.89,1.09,107.9,154.83
02/08/2011,1585,165.79,1.08,106.1,150.78
03/08/2011,1604,166.39,1.06,103.3,148.17
04/08/2011,1598,166.99,1.07,101.6,148.76
05/08/2011,1537,167.49,1.04,97.59,142.57
08/08/2011,1499,167.69,1.03,93.38,141.95
09/08/2011,1493,167.69,1,89.74,135.49
10/08/2011,1553,167.39,1.05,95.15,141.39
11/08/2011,1595,168.69,1.01,94.4,139.02
12/08/2011,1592,167.99,1.04,96.03,141.55
15/08/2011,1591,167.99,1.05,97.01,144.35
16/08/2011,1597,167.79,1.05,97.43,142.65
17/08/2011,1610,168.69,1.05,98.06,142.44
18/08/2011,1600,170.39,1.04,96.02,141.3
19/08/2011,1574,170.59,1.01,92.45,136
22/08/2011,1631,170.09,1.01,93.1,138.09
23/08/2011,1666,170.29,1.02,93.79,138.72
24/08/2011,1620,169.99,1.03,93.62,138.56
25/08/2011,1607,168.99,1.05,96.03,140.83
26/08/2011,1628,169.89,1.03,95.16,138.86
29/08/2011,1628,169.89,1.03,95.16,138.86
30/08/2011,1662,168.99,1.06,98.66,142.22
31/08/2011,1697,168.79,1.07,99.78,143.51
01/09/2011,1701,168.89,1.08,101.1,145.94
02/09/2011,1712,169.39,1.08,99.24,146.38
05/09/2011,1732,171.89,1.06,96.94,143.23
06/09/2011,1736,170.99,1.05,96.61,142.57
07/09/2011,1760,170.99,1.06,99.01,144.36
08/09/2011,1769,171.49,1.07,100.4,145.53
09/09/2011,1790,171.69,1.07,99.39,144.28
12/09/2011,1757,173.2,1.04,95.74,140.57
13/09/2011,1718,173.3,1.04,96.26,139.53
14/09/2011,1729,172.9,1.06,96.82,140.88
15/09/2011,1717,171.39,1.07,97.5,143.82
16/09/2011,1707,171.39,1.08,98.88,144.87
19/09/2011,1717,173,1.08,98.05,143.45
20/09/2011,1716,173.1,1.09,98.05,143.79
21/09/2011,1756,172.39,1.09,97.98,146.08
22/09/2011,1691,173.7,1.07,93.34,141.62
23/09/2011,1594,174.5,1.05,92.34,140.78
26/09/2011,1518,173.4,1.06,92.83,141.88
27/09/2011,1555,171.79,1.08,94.42,143.81
28/09/2011,1541,171.79,1.09,94.74,144.68
29/09/2011,1485,172.49,1.07,93.91,143.36
30/09/2011,1470,172.49,1.07,93.51,142.08
03/10/2011,1489,173.8,1.06,92.31,139.53
04/10/2011,1471,176.7,1.04,90.29,138.47
05/10/2011,1439,175.1,1.05,91.7,139.31
06/10/2011,1505,174.9,1.07,93.15,140.81
07/10/2011,1527,174.8,1.08,93.88,142.34
10/10/2011,1518,174.3,1.07,92.99,143.51
11/10/2011,1527,173.2,1.09,94.8,145.04
12/10/2011,1551,171.99,1.09,94.52,146.54
13/10/2011,1550,172.8,1.1,95.93,147.74
14/10/2011,1544,172.59,1.1,95.86,148.52
17/10/2011,1571,173.1,1.1,97.5,150.1
18/10/2011,1529,173.9,1.09,94.89,146.8
19/10/2011,1540,173.8,1.1,96.74,148.28
20/10/2011,1470,174.3,1.1,95.73,147.07
21/10/2011,1451,173.5,1.1,95.52,147.47
24/10/2011,1468,173.6,1.12,97.61,149.33
25/10/2011,1504,172.8,1.12,98.62,150.24
26/10/2011,1532,174.7,1.1,97.37,149.25
27/10/2011,1575,173.8,1.11,100.5,152.13
28/10/2011,1568,172.39,1.12,102.2,153.86
31/10/2011,1581,173.9,1.12,101.3,151.97
01/11/2011,1520,177,1.1,98.9,146.85
02/11/2011,1552,176.2,1.08,98.48,146.01
03/11/2011,1574,175.8,1.09,98.72,147.84
04/11/2011,1608,175.7,1.1,100.2,149.57
07/11/2011,1591,176.8,1.08,98.83,147.27
08/11/2011,1630,176.8,1.1,99.12,150.12
09/11/2011,1613,177.6,1.1,99.18,149.79
10/11/2011,1597,178.2,1.08,97.54,148.42
11/11/2011,1586,177.8,1.09,97.15,148.76
14/11/2011,1623,177.9,1.1,98.83,149.99
15/11/2011,1599,179.2,1.1,96.89,148.36
16/11/2011,1614,179.9,1.11,97.4,149.61
17/11/2011,1597,179.6,1.1,96.61,147.12
18/11/2011,1545,178.2,1.09,95.17,146.67
21/11/2011,1509,178.9,1.09,94.65,144.36
22/11/2011,1498,178.5,1.09,94.7,143.43
23/11/2011,1501,179.5,1.08,93.31,142.69
24/11/2011,1493,179.2,1.07,92.95,141.42
25/11/2011,1472,178.7,1.07,91.88,140.41
28/11/2011,1496,178.3,1.08,94.38,143.53
29/11/2011,1505,180.2,1.09,95.23,145.18
30/11/2011,1521,180.6,1.1,95.32,146.14
01/12/2011,1586,177.2,1.12,98.04,150.01
02/12/2011,1603,177.2,1.12,98.36,149.63
05/12/2011,1577,177.3,1.12,98.84,150.14
06/12/2011,1554,177.5,1.13,98.19,149.89
07/12/2011,1572,178.7,1.13,98.83,150.42
08/12/2011,1567,178.9,1.13,98.46,150.08
09/12/2011,1538,178.6,1.11,96.87,148.24
12/12/2011,1533,179.5,1.13,97.23,148.18
13/12/2011,1506,180,1.11,96.52,146.89
14/12/2011,1464,179,1.11,95.63,146.39
15/12/2011,1424,179.7,1.11,95.44,144.2
16/12/2011,1422,179.5,1.11,96.8,145.29
19/12/2011,1435,180.2,1.11,96.89,144.98
20/12/2011,1402,180.5,1.1,95.82,144.8
21/12/2011,1440,180.9,1.12,97.51,146.51
22/12/2011,1430,180.5,1.12,97.41,146.68
23/12/2011,1430,180.7,1.13,98.63,147.21
26/12/2011,1430,180.7,1.13,98.63,147.21
27/12/2011,1430,180.7,1.13,98.63,147.21
28/12/2011,1429,180.8,1.14,98.95,148.81
29/12/2011,1400,181.6,1.15,99.38,148.8
30/12/2011,1417,181.6,1.15,99.67,149.45
02/01/2012,1417,181.6,1.15,99.67,149.45
03/01/2012,1443,180.9,1.15,100.5,151.3
04/01/2012,1469,180.8,1.15,100.4,152.15
05/01/2012,1468,180.8,1.15,99.18,150.17
06/01/2012,1482,180.3,1.15,99.85,150.05
09/01/2012,1483,180.7,1.16,99.94,150.14
10/01/2012,1508,180.9,1.16,100.7,150.5
11/01/2012,1527,180.5,1.16,101.4,150.94
12/01/2012,1540,181,1.17,102.6,151.25
13/01/2012,1531,181.4,1.17,102.5,151.96
16/01/2012,1516,182,1.16,102.1,151.2
17/01/2012,1535,181.8,1.16,103.3,153.29
18/01/2012,1514,182.5,1.17,103.3,153.4
19/01/2012,1514,182.2,1.17,104.1,153.85
20/01/2012,1487,180.9,1.17,105,154.87
23/01/2012,1489,179.7,1.17,105.2,154.44
24/01/2012,1491,179.9,1.17,104.6,154.44
25/01/2012,1479,179.4,1.17,105.4,153.6
26/01/2012,1543,180.1,1.18,106.2,154.55
27/01/2012,1561,180.7,1.18,106.4,154.46
30/01/2012,1565,181.4,1.17,105.7,152.59
31/01/2012,1555,181.2,1.17,105,152.66
01/02/2012,1561,181.6,1.17,106,154.52
02/02/2012,1566,180.5,1.17,106.3,155.39
03/02/2012,1579,179.8,1.18,106.5,156.07
06/02/2012,1564,179.2,1.18,107.4,157.22
07/02/2012,1554,179,1.18,107.2,157.24
08/02/2012,1548,178,1.18,107.5,157.37
09/02/2012,1538,178.8,1.19,108.2,157
10/02/2012,1525,177.8,1.19,106.9,157.64
13/02/2012,1539,177.9,1.19,107.5,157.68
14/02/2012,1526,178.5,1.2,108.4,157.89
15/02/2012,1517,178.9,1.2,108.9,158.94
16/02/2012,1497,178.8,1.2,108.1,157.39
17/02/2012,1517,177.6,1.2,108.6,158.92
20/02/2012,1516,177,1.2,109.2,159.96
21/02/2012,1515,177,1.2,108.7,159.95
22/02/2012,1549,177.8,1.21,108.6,160.17
23/02/2012,1581,178.3,1.21,108.1,160.04
24/02/2012,1575,179.4,1.21,108.8,159.95
27/02/2012,1536,180.2,1.2,107.5,158.76
28/02/2012,1547,180.6,1.21,108.9,158.65
29/02/2012,1567,179.9,1.21,108,158.47
01/03/2012,1521,178.9,1.21,107.2,158.22
02/03/2012,1529,178.8,1.21,108.1,158.71
05/03/2012,1504,179.8,1.21,108.2,158.28
06/03/2012,1472,179.5,1.2,107.3,157.31
07/03/2012,1457,179.9,1.2,107.3,156.93
08/03/2012,1472,179.4,1.21,108.6,158.26
09/03/2012,1480,179.5,1.22,108.3,160.1
12/03/2012,1493,180,1.23,109.2,160.54
13/03/2012,1489,180,1.23,110.4,161.84
14/03/2012,1467,177.7,1.23,111.2,163.23
15/03/2012,1429,176.1,1.23,111,162.76
16/03/2012,1424,175.3,1.24,110.6,162.82
19/03/2012,1403,175.9,1.23,110,162.88
20/03/2012,1386,175.6,1.22,109.8,161.57
21/03/2012,1390,175.8,1.22,109.6,162.3
22/03/2012,1377,176.8,1.22,108.9,161.52
23/03/2012,1355,177.4,1.22,107.9,162.06
26/03/2012,1375,176.9,1.22,108.3,163.02
27/03/2012,1395,177.2,1.23,109.5,164.03
28/03/2012,1376,177.5,1.23,109.5,163.38
29/03/2012,1361,178.2,1.23,109.1,161.95
30/03/2012,1360,178.1,1.22,108.3,160.94
02/04/2012,1363,177.5,1.23,108.4,161.57
03/04/2012,1380,177.9,1.24,109.1,163.28
04/04/2012,1336,178.4,1.24,108,161.59
05/04/2012,1308,178.8,1.23,108.2,159.84
06/04/2012,1308,178.8,1.23,108.2,159.84
09/04/2012,1308,178.8,1.23,108.2,159.84
10/04/2012,1310,179.6,1.22,107.4,158.54
11/04/2012,1322,180,1.2,106.3,156.5
12/04/2012,1315,179.4,1.2,106.3,158.5
13/04/2012,1352,179.9,1.22,107.9,159.3
16/04/2012,1334,180,1.21,107.6,158.61
17/04/2012,1315,179.2,1.22,107.8,159.71
18/04/2012,1328,178.9,1.22,108.6,160.39
19/04/2012,1318,178.5,1.23,108,160.59
20/04/2012,1314,177.9,1.22,107.7,160.3
23/04/2012,1288,178.5,1.22,107,159.6
24/04/2012,1267,178.2,1.21,107.2,158.82
25/04/2012,1280,179,1.22,109.3,159.97
26/04/2012,1291,179.1,1.22,108.9,161.05
27/04/2012,1294,179,1.22,108.9,161.08
30/04/2012,1304,178.7,1.22,109.4,161.56
01/05/2012,1294,179,1.22,109,161.65
02/05/2012,1299,179.4,1.23,110.1,162.78
03/05/2012,1287,179.6,1.23,110.1,163.07
04/05/2012,1245,179.4,1.23,109.3,162.3
07/05/2012,1245,179.4,1.23,109.3,162.3
08/05/2012,1220,180.7,1.21,108.3,158.9
09/05/2012,1168,181.2,1.21,107.4,156.29
10/05/2012,1194,180.8,1.2,107.8,156.82
11/05/2012,1192,180.6,1.21,107.7,157.69
14/05/2012,1169,181.6,1.21,107.1,156.49
15/05/2012,1148,181,1.2,107.2,157.08
16/05/2012,1113,181.7,1.2,106.7,154.36
17/05/2012,1114,182.1,1.21,106.5,155.07
18/05/2012,1160,182.9,1.2,104.6,152.66
21/05/2012,1167,182.4,1.19,104.5,151.8
22/05/2012,1182,182.4,1.2,106,152.47
23/05/2012,1167,183.1,1.2,105.3,151.43
24/05/2012,1203,183.5,1.2,106.3,150.98
25/05/2012,1203,183.7,1.2,106.5,152.61
28/05/2012,1225,183.6,1.21,107.1,153.28
29/05/2012,1225,183.9,1.21,107.4,153.34
30/05/2012,1199,184.4,1.22,107.2,153.51
31/05/2012,1215,184.4,1.21,107,153.6
01/06/2012,1197,187.4,1.21,107.2,151.99
04/06/2012,1197,187.4,1.21,107.2,151.99
05/06/2012,1197,187.4,1.21,107.2,151.99
06/06/2012,1299,185.7,1.19,108,152.76
07/06/2012,1303,185.6,1.22,109,153.87
08/06/2012,1255,185.9,1.22,107.8,153.82
11/06/2012,1276,184.8,1.23,109.6,156.26
12/06/2012,1259,184.4,1.22,107.6,154.44
13/06/2012,1278,183.1,1.23,107.8,153.44
14/06/2012,1284,183.2,1.23,107.8,153.18
15/06/2012,1291,183.7,1.23,109.5,155
18/06/2012,1285,184.9,1.23,109.1,154.78
19/06/2012,1309,185.3,1.23,109.7,154.88
20/06/2012,1309,184.4,1.24,110,156.69
21/06/2012,1294,184.6,1.24,109.9,158.82
22/06/2012,1245,185.1,1.23,109.1,157.76
25/06/2012,1226,185.5,1.23,108.8,157.31
26/06/2012,1236,184.3,1.22,108.5,157.06
27/06/2012,1224,184.7,1.22,109.5,157.46
28/06/2012,1222,185.7,1.23,109.9,159.04
29/06/2012,1216,184,1.24,112.3,161.34
02/07/2012,1233,183.8,1.25,113.2,163.7
03/07/2012,1237,184.4,1.26,113.9,164.45
04/07/2012,1277,183.9,1.26,114.7,165.42
05/07/2012,1282,184.5,1.27,115.2,165.62
06/07/2012,1271,184.7,1.27,115.2,165.01
09/07/2012,1242,185.8,1.26,114.9,164
10/07/2012,1245,185.6,1.26,115.4,164.46
11/07/2012,1213,185.8,1.26,114.4,163.96
12/07/2012,1182,186.7,1.25,114,163.03
13/07/2012,1192,186.6,1.25,115.3,164.12
16/07/2012,1198,187,1.26,115.4,164.6
17/07/2012,1190,187.3,1.25,115.6,164.88
18/07/2012,1179,187.8,1.26,116.4,164.95
19/07/2012,1172,187.2,1.27,116,166.45
20/07/2012,1173,187.1,1.27,115.1,167.59
23/07/2012,1157,188.3,1.26,114.4,164.85
24/07/2012,1147,187.3,1.25,114.6,163.97
25/07/2012,1157,187.3,1.25,114.6,163.72
26/07/2012,1185,187.3,1.25,115.2,165.24
27/07/2012,1199,187.2,1.26,114.7,165.86
30/07/2012,1219,186.5,1.28,116,166.94
31/07/2012,1230,187.6,1.28,116.7,166.85
01/08/2012,1214,187.5,1.28,117.2,166.64
02/08/2012,1207,187.2,1.29,117.5,168.32
03/08/2012,1206,187.1,1.28,118.1,166.75
06/08/2012,1215,187.5,1.3,118.7,168.81
07/08/2012,1224,187.5,1.3,118.1,169.13
08/08/2012,1246,187,1.29,117.2,169.19
09/08/2012,1245,186.8,1.3,116.9,169.61
10/08/2012,1250,187.2,1.29,116.7,170.11
13/08/2012,1256,186.4,1.29,116.3,169.48
14/08/2012,1244,187,1.29,116.4,169.88
15/08/2012,1227,185.7,1.29,116,170.58
16/08/2012,1232,185,1.29,116.3,170.35
17/08/2012,1257,184.9,1.29,117,171.05
20/08/2012,1252,184.8,1.3,117,171.56
21/08/2012,1256,184.9,1.29,116.5,170.95
22/08/2012,1265,184.8,1.28,116.2,169.38
23/08/2012,1285,185.7,1.28,116,170.06
24/08/2012,1291,186.4,1.27,115.6,170.09
27/08/2012,1291,186.4,1.27,115.6,170.09
28/08/2012,1284,187.1,1.28,116.2,170.02
29/08/2012,1274,187.3,1.28,116.3,169.48
30/08/2012,1248,187.5,1.28,115.2,169.89
31/08/2012,1246,187,1.28,115.5,170.06
03/09/2012,1278,187,1.28,115.4,170.38
04/09/2012,1277,187.2,1.28,115.4,171.12
05/09/2012,1273,187.2,1.28,115.4,170.67
06/09/2012,1296,186.6,1.28,116.1,172.21
07/09/2012,1322,184.3,1.28,117.1,174.03
10/09/2012,1352,185.1,1.28,116.2,172.38
11/09/2012,1330,185.1,1.27,115.8,171.39
12/09/2012,1331,183.9,1.27,116.3,171.13
13/09/2012,1327,184.4,1.27,116.3,171.11
14/09/2012,1393,182.8,1.27,117.6,173.07
17/09/2012,1419,182.8,1.28,117.6,172.94
18/09/2012,1411,183.6,1.28,116.9,173.39
19/09/2012,1429,183.9,1.28,116.8,173.94
20/09/2012,1432,184.4,1.28,116.2,173.85
21/09/2012,1422,184.4,1.28,115.2,174.78
24/09/2012,1413,184.5,1.28,115.1,173.99
25/09/2012,1392,184.9,1.28,115.3,174.39
26/09/2012,1374,185.4,1.28,114.7,173.39
27/09/2012,1381,185.9,1.28,114.9,172.92
28/09/2012,1412,186.2,1.28,115.2,172.88
01/10/2012,1420,185.2,1.28,115.1,173.02
02/10/2012,1439,185.2,1.29,115,173.3
03/10/2012,1427,185.9,1.29,115.4,173.17
04/10/2012,1415,186,1.29,115.9,174.56
05/10/2012,1439,185.1,1.29,115.6,174.93
08/10/2012,1433,185.1,1.3,116.2,175.98
09/10/2012,1442,185,1.3,116.5,175.87
10/10/2012,1406,185.1,1.29,116.2,174.24
11/10/2012,1410,184.9,1.28,116.1,174.35
12/10/2012,1410,185,1.28,116.1,174.74
15/10/2012,1393,185.6,1.29,116.1,175.4
16/10/2012,1393,185,1.29,116.6,175.87
17/10/2012,1410,183.3,1.3,117,176.86
18/10/2012,1420,183.2,1.3,117.2,176.79
19/10/2012,1393,183.3,1.31,118.1,177.22
22/10/2012,1395,182.8,1.3,117.7,176.59
23/10/2012,1388,183.6,1.29,117,175.33
24/10/2012,1372,184,1.28,117,173.79
25/10/2012,1360,183.1,1.27,116.8,174.98
26/10/2012,1357,184.1,1.27,115.6,174.55
29/10/2012,1359,184.8,1.27,115.6,174.33
30/10/2012,1362,185,1.28,115.6,175.28
31/10/2012,1375,184.5,1.28,116.2,176.06
01/11/2012,1381,184.2,1.27,116.1,175.81
02/11/2012,1385,184,1.29,117.3,177.5
05/11/2012,1354,184.7,1.29,118.2,177.11
06/11/2012,1355,184.7,1.29,118,177.45
07/11/2012,1380,185,1.3,118.5,178.84
08/11/2012,1379,185.6,1.29,117.5,177.05
09/11/2012,1388,186.4,1.28,116.5,176.19
12/11/2012,1386,185.9,1.28,116.8,176.75
13/11/2012,1365,185.5,1.28,115.9,175.95
14/11/2012,1363,185.4,1.28,116.7,177.49
15/11/2012,1316,185.4,1.27,115.3,174.98
16/11/2012,1292,185.8,1.27,115,174.11
19/11/2012,1307,185.5,1.27,115.8,174.81
20/11/2012,1327,184.7,1.29,116.1,176.97
21/11/2012,1316,184,1.29,116.3,177.03
22/11/2012,1328,184,1.3,116.5,178.55
23/11/2012,1328,184.6,1.31,117,179.53
26/11/2012,1334,184.9,1.31,116.7,179.83
27/11/2012,1340,184.4,1.31,117.2,180.34
28/11/2012,1317,185.4,1.31,116.9,179.92
29/11/2012,1330,185.4,1.31,117.4,181.35
30/11/2012,1323,186,1.31,117.5,181.22
03/12/2012,1314,185.5,1.31,118,181.88
04/12/2012,1287,184.8,1.31,117.6,181.73
05/12/2012,1289,184.4,1.31,117.7,181.56
06/12/2012,1267,184.8,1.31,117.6,181.8
07/12/2012,1276,185.1,1.32,119,181.17
10/12/2012,1281,185.1,1.32,118.8,180.78
11/12/2012,1288,184,1.32,119,181.54
12/12/2012,1285,184,1.32,118.9,181.37
13/12/2012,1307,184.6,1.32,119,180.89
14/12/2012,1286,183.7,1.31,118.9,181.1
17/12/2012,1283,183.7,1.31,118.4,180.64
18/12/2012,1289,183.3,1.31,118.9,181.03
19/12/2012,1268,182.7,1.31,119,182.85
20/12/2012,1257,182.8,1.31,119.6,183.29
21/12/2012,1236,183.2,1.31,119.9,181.79
24/12/2012,1254,183.5,1.31,120.8,182.79
25/12/2012,1254,183.5,1.31,120.8,182.79
26/12/2012,1254,183.5,1.31,120.8,182.79
27/12/2012,1256,183.5,1.3,121,182.43
28/12/2012,1265,185.1,1.31,121.5,182.84
31/12/2012,1253,184.8,1.29,120.4,181.4
01/01/2013,1253,184.8,1.29,120.4,181.4
02/01/2013,1295,182.9,1.3,122.1,184.12
03/01/2013,1303,182.2,1.33,122.7,185.45
04/01/2013,1269,180.7,1.33,123.4,185.46
07/01/2013,1266,181.2,1.34,123.6,187.07
08/01/2013,1251,181.7,1.34,123,186.7
09/01/2013,1256,182.4,1.34,124,186.3
10/01/2013,1251,182.1,1.34,124.2,186.39
11/01/2013,1264,181.7,1.35,123.8,187.65
14/01/2013,1266,181.8,1.35,124.2,188.17
15/01/2013,1266,182.2,1.35,124.5,188.36
16/01/2013,1271,182.5,1.36,124.9,189.12
17/01/2013,1271,181.8,1.36,124.6,189.61
18/01/2013,1273,181.8,1.37,125.6,192.02
21/01/2013,1277,181.7,1.38,126.3,191.43
22/01/2013,1276,181.6,1.38,126.5,191.26
23/01/2013,1287,182,1.39,126.9,191.53
24/01/2013,1267,182.8,1.39,127.2,191.88
25/01/2013,1246,181.4,1.41,128,193.71
28/01/2013,1226,181.2,1.42,128.6,193.86
29/01/2013,1214,181.2,1.42,128.4,194.52
30/01/2013,1224,180.7,1.42,128.9,195.04
31/01/2013,1221,181.4,1.42,128.2,194.16
01/02/2013,1212,181,1.41,127.4,196.42
04/02/2013,1233,180.6,1.43,128.5,197.56
05/02/2013,1234,181,1.42,127.6,196.4
06/02/2013,1233,181.1,1.44,128.1,200.98
07/02/2013,1228,180.8,1.43,127.7,201.05
08/02/2013,1232,180.9,1.42,127.1,199.78
11/02/2013,1226,180.6,1.43,128.2,200.15
12/02/2013,1209,180.6,1.44,128.7,200.43
13/02/2013,1221,179.3,1.45,130.1,202.83
14/02/2013,1212,179.5,1.44,130.3,204.29
15/02/2013,1203,180,1.45,130.1,202.79
18/02/2013,1167,179.7,1.45,130.4,203.42
19/02/2013,1161,179.6,1.45,130.7,204.89
20/02/2013,1166,179.1,1.47,132.9,208.03
21/02/2013,1124,180.3,1.46,131.8,205.81
22/02/2013,1141,180.4,1.46,131.7,206.64
25/02/2013,1145,180.5,1.48,133.7,207.09
26/02/2013,1153,181.9,1.46,131.9,204.35
27/02/2013,1166,182.5,1.47,132.8,204.16
28/02/2013,1152,182.5,1.48,133.7,206.81
01/03/2013,1142,183.8,1.5,135.1,208.18
04/03/2013,1130,183.8,1.5,135,208.65
05/03/2013,1110,182.9,1.5,134.7,209.99
06/03/2013,1111,182.5,1.51,136.5,211.71
07/03/2013,1137,182.7,1.52,136.4,213
08/03/2013,1131,181.7,1.52,136.2,212.31
11/03/2013,1143,182,1.53,137.8,212.63
12/03/2013,1141,182.8,1.54,137.7,214.53
13/03/2013,1153,182.7,1.53,136.4,212.98
14/03/2013,1134,182.2,1.53,137.1,214.26
15/03/2013,1130,182.2,1.52,136,214.43
18/03/2013,1119,183.4,1.52,135.2,213.65
19/03/2013,1130,184,1.52,135.2,214.13
20/03/2013,1129,183.9,1.52,134.8,214.09
21/03/2013,1120,183.9,1.52,134.4,211.97
22/03/2013,1135,184.4,1.51,134.2,210.93
25/03/2013,1136,184.1,1.52,135.3,214.57
26/03/2013,1124,184.9,1.52,135.9,213.31
27/03/2013,1117,186,1.52,137.2,213.77
28/03/2013,1126,185.6,1.53,136.9,213.2
29/03/2013,1126,185.6,1.53,136.9,213.2
01/04/2013,1126,185.6,1.53,136.9,213.2
02/04/2013,1113,185.6,1.54,137.4,215.23
03/04/2013,1081,185.3,1.55,138.3,216.66
04/04/2013,1040,186,1.54,139.5,213.14
05/04/2013,1042,187.1,1.53,139.6,209.65
08/04/2013,1044,187.8,1.52,139.8,209.9
09/04/2013,1044,186.8,1.52,140,208.8
10/04/2013,1072,186.6,1.53,140.6,208.9
11/04/2013,1039,185.8,1.54,140.5,213.07
12/04/2013,1026,186.7,1.54,142.2,212.51
15/04/2013,951.1,186.5,1.54,141.5,211.6
16/04/2013,895.5,186.7,1.52,140.6,210.36
17/04/2013,887.2,186.7,1.53,142.1,212.13
18/04/2013,864.6,186.9,1.52,141.4,211
19/04/2013,888.6,186.9,1.51,141.8,211.2
22/04/2013,901.2,187.1,1.54,143,212.95
23/04/2013,906.6,187.9,1.54,142.5,212.6
24/04/2013,899.9,186.4,1.55,143.4,213.79
25/04/2013,930.1,186.8,1.54,142.4,213.92
26/04/2013,946,187.1,1.54,141.5,213
29/04/2013,925,187.1,1.54,141,213.73
30/04/2013,929.5,187.8,1.55,142.4,214.26
01/05/2013,932,187.1,1.55,143,214.49
02/05/2013,909.5,187.7,1.54,142.1,213.76
03/05/2013,908.1,188,1.55,143.1,214.62
06/05/2013,908.1,188,1.55,143.1,214.62
07/05/2013,913.1,185.9,1.56,144.1,216.36
08/05/2013,904.7,185.9,1.57,144.5,217.42
09/05/2013,929.7,186,1.56,143.4,217.8
10/05/2013,928.3,184.5,1.58,144.2,219.73
13/05/2013,917.7,184.3,1.59,144.1,221.07
14/05/2013,902.6,184.3,1.6,144.5,221.67
15/05/2013,893.1,183.8,1.62,145.3,224.31
16/05/2013,861,183.9,1.63,146,225.52
17/05/2013,860.2,184.7,1.61,146.1,224.32
20/05/2013,835.3,183.8,1.63,147.3,226.41
21/05/2013,850.7,184.1,1.63,147.2,227.11
22/05/2013,860.1,184,1.63,148.2,228.15
23/05/2013,865.8,184.3,1.62,143,224.94
24/05/2013,872.6,183.8,1.62,141,225.2
27/05/2013,872.6,183.8,1.62,141,225.2
28/05/2013,867.8,184,1.63,142.7,227.05
29/05/2013,862.4,182.6,1.63,139.7,224.67
30/05/2013,882.8,183.1,1.61,137.3,222.52
31/05/2013,908.8,183.7,1.6,135.4,220.52
03/06/2013,902.5,182.1,1.58,133.7,218.91
04/06/2013,913,182.4,1.59,134.8,220.23
05/06/2013,894.3,182.4,1.58,132.2,218.51
06/06/2013,889.2,182.7,1.55,129.9,216.15
07/06/2013,888.6,183.3,1.55,130.6,213.96
10/06/2013,863.9,181.9,1.57,131.1,216.26
11/06/2013,850.9,180.6,1.56,128.3,214.35
12/06/2013,835.8,181.3,1.55,127.4,213
13/06/2013,835.4,181.5,1.54,125.6,210.41
14/06/2013,841.1,181.9,1.56,128.7,214.07
17/06/2013,834.8,182,1.56,129.2,214.49
18/06/2013,830.4,181.2,1.57,130.1,214.97
19/06/2013,811.2,181.4,1.58,130,215.29
20/06/2013,782.2,179.9,1.56,126.6,211.46
21/06/2013,740.5,179.2,1.53,124.2,210.51
24/06/2013,734,177.6,1.53,123.3,206.35
25/06/2013,716.9,177.6,1.52,123,206.49
26/06/2013,718.7,177.8,1.54,125.5,209.66
27/06/2013,701.1,178.5,1.56,128.5,210.25
28/06/2013,710.3,179,1.57,131.5,213.34
01/07/2013,746,178.2,1.57,131.1,213.69
02/07/2013,758,179.2,1.58,131.5,216.21
03/07/2013,735.4,179.5,1.57,131.1,214.76
04/07/2013,750.1,178.6,1.58,132,217.32
05/07/2013,760.1,178.2,1.6,135.3,222.34
08/07/2013,742.9,177.9,1.62,134.5,222.81
09/07/2013,744,178.1,1.63,135.4,226.04
10/07/2013,745.2,178.7,1.63,135.8,225.88
11/07/2013,760.4,179.3,1.63,136,228.17
12/07/2013,785,180.2,1.64,137.2,229.55
15/07/2013,772.3,179.9,1.65,137.2,230.47
16/07/2013,775.6,180.2,1.64,137.3,229.96
17/07/2013,799.8,179.8,1.63,135.8,228.29
18/07/2013,783,180.6,1.63,136.1,230.49
19/07/2013,782.1,180.4,1.63,136.4,230.65
22/07/2013,806.2,180.2,1.62,135.9,231.51
23/07/2013,845.2,179.7,1.62,136.5,231.71
24/07/2013,862,179,1.6,136.3,231.29
25/07/2013,834.3,179,1.6,134.7,229.45
26/07/2013,836.4,179.4,1.59,134,230.22
29/07/2013,842,179.8,1.59,133.9,228.6
30/07/2013,841.5,179.9,1.6,133.7,229.74
31/07/2013,842,180.1,1.61,133.8,231.64
01/08/2013,841.7,180.5,1.61,133.9,233.78
02/08/2013,824.1,178.7,1.63,133.9,234.41
05/08/2013,810,179,1.61,132.3,236.26
06/08/2013,803.6,178.5,1.61,132.5,236.31
07/08/2013,761,178,1.6,130.6,236.32
08/08/2013,766.1,178.3,1.59,130.3,233.03
09/08/2013,807.5,178.4,1.59,130.3,233.54
12/08/2013,827.2,178.5,1.59,130.3,233.46
13/08/2013,866.4,177.8,1.59,130.7,234.54
14/08/2013,857.5,176.7,1.59,129.8,234.62
15/08/2013,872.5,176.3,1.58,128.3,233.05
16/08/2013,902.5,176.4,1.56,126.4,230.53
19/08/2013,897.7,176,1.55,124.6,230.02
20/08/2013,883.8,176.6,1.55,123.4,229.83
21/08/2013,900.9,176.4,1.55,124.5,229.36
22/08/2013,881.4,176.2,1.55,124.4,228.8
23/08/2013,893.4,176.5,1.56,124.7,228.95
26/08/2013,893.4,176.5,1.56,124.7,228.95
27/08/2013,917.4,178.2,1.56,125.2,228.31
28/08/2013,905.2,178,1.55,125.4,225.83
29/08/2013,885.9,178,1.54,124.7,226.74
30/08/2013,890.9,178,1.55,124.9,226.36
02/09/2013,883.6,177,1.54,125,227.83
03/09/2013,877.2,177.2,1.54,125.2,226.63
04/09/2013,887.3,176.8,1.53,124,225.83
05/09/2013,884.5,176,1.54,124.4,227.86
06/09/2013,867.7,175.6,1.54,123.7,227.46
09/09/2013,878.7,176.1,1.54,125.1,228.8
10/09/2013,867.4,175.2,1.55,126.9,230.94
11/09/2013,836.8,175.2,1.56,126.4,231.1
12/09/2013,835.4,175.8,1.56,126.6,230.18
13/09/2013,803.7,175.9,1.56,126.1,230
16/09/2013,809.3,176.7,1.57,127,231.47
17/09/2013,799.8,176.4,1.57,127,232.29
18/09/2013,797.6,175.5,1.57,126.7,230.97
19/09/2013,849.5,176.9,1.58,130.2,233.61
20/09/2013,832.6,176.1,1.59,130,232.4
23/09/2013,794.2,175.8,1.58,128.5,231.46
24/09/2013,786.1,176.8,1.57,128.3,230.52
25/09/2013,782.5,177.8,1.56,127.3,229.23
26/09/2013,793.8,178.4,1.55,127.4,228.52
27/09/2013,778.2,178.6,1.55,127.6,227.69
30/09/2013,772.3,179.1,1.54,126.1,225.07
01/10/2013,770.3,178.8,1.53,125.6,224.48
02/10/2013,749.6,179.2,1.53,126,223.32
03/10/2013,756.3,178.8,1.53,126.2,223.81
04/10/2013,753.6,178.9,1.54,126.2,223.35
07/10/2013,745.8,179.1,1.53,124.8,221.7
08/10/2013,756.2,179,1.53,125.6,222.47
09/10/2013,746,179.6,1.52,126.3,220.49
10/10/2013,749.4,179,1.53,127.3,221.77
11/10/2013,741.4,178.7,1.54,128.7,224.75
14/10/2013,727.2,178.6,1.55,129,225.28
15/10/2013,733.7,177.8,1.56,129.6,226.95
16/10/2013,739.4,177.5,1.54,128.6,225.64
17/10/2013,735.3,178.1,1.56,130.2,227.97
18/10/2013,757.3,179.1,1.56,130.7,230.93
21/10/2013,756.5,178.6,1.58,131.1,232.7
22/10/2013,766.2,178.4,1.58,130.9,233.8
23/10/2013,788.4,179.9,1.59,131,234.48
24/10/2013,774.6,180.1,1.59,131.2,234.42
25/10/2013,793.2,179.8,1.59,130.7,234.47
28/10/2013,799.6,180.2,1.6,131.7,236.23
29/10/2013,807.6,180.3,1.62,131.9,236.59
30/10/2013,795.5,180.7,1.62,131.6,236.66
31/10/2013,798.8,180.8,1.61,130.8,235.8
01/11/2013,780.2,179.9,1.61,130.9,233.77
04/11/2013,763.3,179.7,1.61,131.2,234.86
05/11/2013,775.4,179.3,1.61,130.5,233.18
06/11/2013,766.9,178.6,1.61,128.9,234.35
07/11/2013,776.6,178.9,1.62,128.8,232.93
08/11/2013,759.8,178.9,1.61,127.7,230.96
11/11/2013,758.2,177.8,1.63,127.2,233.95
12/11/2013,758,178.1,1.64,128.4,234.74
13/11/2013,743.3,177.8,1.62,127.2,233.48
14/11/2013,739.8,177.9,1.63,127.6,234.26
15/11/2013,753.8,178.5,1.63,128.5,234.17
18/11/2013,745.3,178.5,1.64,128.7,234.33
19/11/2013,738.6,179.2,1.63,128.1,233.55
20/11/2013,733.6,178.6,1.63,126.7,234.7
21/11/2013,712.4,177.5,1.62,125.5,234.39
22/11/2013,698.9,178,1.62,125.4,234.35
25/11/2013,694.2,178.4,1.63,125.1,236.11
26/11/2013,691.6,178.6,1.63,124.8,236.11
27/11/2013,673.9,178.5,1.62,123.7,235.8
28/11/2013,677.4,178.2,1.62,124.2,237.69
29/11/2013,679.6,178.4,1.62,124.2,237.35
02/12/2013,680.6,177.6,1.61,122.8,236.31
03/12/2013,647.7,177.5,1.6,121.6,234.88
04/12/2013,642.8,177.4,1.6,121.9,235.16
05/12/2013,655.9,177.4,1.6,121.9,234.31
06/12/2013,645.7,177,1.59,122.2,234.81
09/12/2013,643.9,177.3,1.61,122.3,235.93
10/12/2013,650.5,177.3,1.6,122.3,237.12
11/12/2013,672.6,177.7,1.6,122.2,237.37
12/12/2013,653.8,177.7,1.58,120.3,234.57
13/12/2013,651.2,177.5,1.58,120.5,234.36
16/12/2013,654.9,177.7,1.58,120.6,235.12
17/12/2013,660.2,177.9,1.58,120.8,237.03
18/12/2013,653.6,177.7,1.58,120.9,237
19/12/2013,647.2,177.1,1.6,122,238.02
20/12/2013,642,176.6,1.6,121.6,240.8
23/12/2013,641.3,176.6,1.61,122.3,241.89
24/12/2013,643.5,176.4,1.62,122.3,243.28
25/12/2013,643.5,176.4,1.62,122.3,243.28
26/12/2013,643.5,176.4,1.62,122.3,243.28
27/12/2013,652.5,175.7,1.62,121.6,244.3
30/12/2013,661.3,176,1.62,122.5,245.47
31/12/2013,653,176.1,1.62,122.5,245.49
01/01/2014,653,176.1,1.62,122.5,245.49
02/01/2014,661.2,176,1.62,122,245.65
03/01/2014,684.3,176.2,1.61,122.1,246.23
06/01/2014,681.1,176.8,1.62,123.1,246.79
07/01/2014,678.1,177,1.61,122.9,246.73
08/01/2014,673,177.2,1.61,122.9,245.15
09/01/2014,664,176.8,1.6,122.4,245.45
10/01/2014,660.1,177.1,1.6,122.8,246.42
13/01/2014,677.2,177.9,1.6,123.6,248.19
14/01/2014,687,178.2,1.6,123.1,248.88
15/01/2014,678.4,178,1.61,123.7,249.72
16/01/2014,690.7,178.2,1.62,124.4,249.62
17/01/2014,692.6,178,1.62,124.2,249.18
20/01/2014,713.1,178.2,1.61,123.9,249.45
21/01/2014,717.2,178,1.62,124,251.62
22/01/2014,714.3,177.7,1.62,123.9,252.46
23/01/2014,700.2,177.9,1.62,123.2,251.73
24/01/2014,712.4,179,1.61,121.9,248.69
27/01/2014,712.3,178.4,1.59,121.1,243.66
28/01/2014,694.7,178.4,1.58,120.9,243.78
29/01/2014,704.8,178.6,1.58,121.7,245.42
30/01/2014,718.6,179.1,1.56,121,239.44
31/01/2014,708.2,179.7,1.57,121,240.43
03/02/2014,719.7,179.4,1.58,122.8,239.68
04/02/2014,717.5,179.9,1.55,121.5,237.47
05/02/2014,728,180.2,1.56,122.7,238.64
06/02/2014,726.7,179.5,1.57,122.7,239.13
07/02/2014,722.1,179.2,1.58,123.7,241.63
10/02/2014,740.5,179.6,1.59,123.9,242.91
11/02/2014,763,179.3,1.6,124.7,243.77
12/02/2014,777.8,178.7,1.6,124.7,245.63
13/02/2014,759.8,178.8,1.59,123.4,243.26
14/02/2014,781.9,178.6,1.6,123.4,243.56
17/02/2014,793.3,178.8,1.61,124,245.06
18/02/2014,792,179.2,1.61,124.6,246.03
19/02/2014,797.2,179.7,1.61,125.2,248.43
20/02/2014,778,179.4,1.6,124.9,246.5
21/02/2014,798.1,178.9,1.61,125,249.32
24/02/2014,801,179.1,1.61,124.9,248.65
25/02/2014,797.4,179.2,1.62,124.9,249.73
26/02/2014,790.9,179.4,1.62,125.1,249.46
27/02/2014,782.4,180.4,1.62,125,247.26
28/02/2014,780.2,179.8,1.62,124.9,248.27
03/03/2014,777.9,180.6,1.62,124,245.83
04/03/2014,784,180.1,1.62,126,247.78
05/03/2014,782.5,180,1.63,126.5,247.82
06/03/2014,791.7,179.6,1.63,126.6,247.81
07/03/2014,797.6,179.5,1.62,126.2,247.87
10/03/2014,783.3,179,1.63,125.6,248.61
11/03/2014,779.9,179.2,1.64,125.3,245.15
12/03/2014,780.5,179.6,1.63,125.1,243.43
13/03/2014,793.8,179.7,1.62,124.4,243.08
14/03/2014,806,180.7,1.62,124.4,240.8
17/03/2014,815.2,180.5,1.62,124.5,241.6
18/03/2014,790.1,180.5,1.63,124.8,241.83
19/03/2014,783.2,180.6,1.63,124.9,242.75
20/03/2014,761.6,179.2,1.63,123.2,243.74
21/03/2014,768.3,179.3,1.64,123.9,244.9
24/03/2014,766.7,179.4,1.64,124.7,243.84
25/03/2014,744.7,180.2,1.63,124.4,245.36
26/03/2014,750.1,180,1.64,124.9,248.65
27/03/2014,723.9,179.9,1.63,123.8,246.43
28/03/2014,730,180,1.63,124.7,247.4
31/03/2014,736.6,179.4,1.64,125.3,247.61
01/04/2014,726.6,179.7,1.65,126,247.37
02/04/2014,730.8,179.6,1.66,126.9,248.51
03/04/2014,741.8,179.6,1.66,127.4,248.76
04/04/2014,736.3,179.7,1.66,127.4,249.8
07/04/2014,743.2,180.6,1.65,127.8,248.64
08/04/2014,743.3,180.5,1.63,126.8,245.8
09/04/2014,753.6,180.3,1.63,127,247.27
10/04/2014,752.1,181.3,1.64,127,247.23
11/04/2014,745.4,181.3,1.62,126.3,242.33
14/04/2014,740.6,181.5,1.62,125.9,240.21
15/04/2014,745.7,180.8,1.63,126.2,241.88
16/04/2014,730.6,181.1,1.63,127.1,239.9
17/04/2014,725.7,181.2,1.63,127.4,240.35
18/04/2014,725.7,181.2,1.63,127.4,240.35
21/04/2014,725.7,181.2,1.63,127.4,240.35
22/04/2014,718,180.6,1.64,127.4,243.68
23/04/2014,724.5,180.5,1.64,127.8,243.63
24/04/2014,735.9,180.5,1.64,128,242.41
25/04/2014,727.4,181,1.64,127.5,242.08
28/04/2014,736.3,181,1.63,127.1,241.92
29/04/2014,730.7,180.6,1.65,128.2,242.91
30/04/2014,738.2,180.5,1.64,128,241.21
01/05/2014,729.4,180.7,1.64,128,243.32
02/05/2014,724.6,181,1.65,128.6,243.2
05/05/2014,724.6,181,1.65,128.6,243.2
06/05/2014,734.6,180.9,1.65,128.1,243.08
07/05/2014,731.5,181.1,1.64,127.8,242.34
08/05/2014,721.7,180.9,1.65,128.9,243.64
09/05/2014,722.8,181,1.66,129.7,243.55
12/05/2014,723.9,180.4,1.67,129.8,245.39
13/05/2014,730.5,180.5,1.68,130.9,247.39
14/05/2014,730.1,181.7,1.69,131.5,247.39
15/05/2014,739.3,182.2,1.69,131.8,247.95
16/05/2014,726.4,182.7,1.68,131,245.3
19/05/2014,721.9,182.4,1.68,131.4,245.33
20/05/2014,719.2,181.9,1.68,131,245.14
21/05/2014,716.8,181.6,1.67,130.1,245.15
22/05/2014,721.2,181.5,1.68,130.1,247.69
23/05/2014,722.2,181.2,1.68,130.5,248.39
26/05/2014,722.2,181.2,1.68,130.5,248.39
27/05/2014,721.6,181.5,1.68,131.6,249.71
28/05/2014,704.9,181.9,1.69,132.6,249.79
29/05/2014,699,182.6,1.7,132.5,250.84
30/05/2014,702.5,182.2,1.71,132.8,252.34
02/06/2014,700.3,181.9,1.71,133.3,252.38
03/06/2014,696.3,181.1,1.71,133.7,251.46
04/06/2014,696.4,181.1,1.71,133.4,252.64
05/06/2014,695.8,181.2,1.71,133.3,252.25
06/06/2014,701.7,181.3,1.7,134.5,252.75
09/06/2014,704.8,181,1.71,134.7,253.35
10/06/2014,703.4,180.7,1.71,133.9,252.86
11/06/2014,712.9,180.5,1.71,133,253.22
12/06/2014,718.9,180.6,1.7,132.6,253.4
13/06/2014,731.1,180.3,1.68,131.2,250.52
16/06/2014,735.6,180.6,1.68,130.9,248.86
17/06/2014,730.2,180.6,1.69,130.4,249.34
18/06/2014,735.5,180.8,1.69,130.9,248.56
19/06/2014,747.8,181,1.7,131.4,249.69
20/06/2014,777.3,180.3,1.7,131.9,248.4
23/06/2014,774.5,180.5,1.7,132.1,247.27
24/06/2014,787.6,180.7,1.7,131.9,245.56
25/06/2014,770.8,181.1,1.69,132.1,244.6
26/06/2014,772.6,181.5,1.69,132,245.37
27/06/2014,778.2,181.9,1.69,132.1,245.99
30/06/2014,778.7,181.7,1.69,132.4,246.81
01/07/2014,789.8,181,1.68,131.7,247.79
02/07/2014,791.2,181.2,1.69,132.1,248.77
03/07/2014,795.7,180.7,1.7,132.1,248.96
04/07/2014,794.7,180.6,1.7,131.5,250.29
07/07/2014,794.5,180.7,1.7,131.5,249.87
08/07/2014,789.5,181.2,1.7,131.5,246.12
09/07/2014,798.2,181.9,1.69,131.5,243.85
10/07/2014,814.7,182.5,1.69,131.1,241.64
11/07/2014,803.3,182.1,1.69,132,241.3
14/07/2014,813.5,182.4,1.7,132.3,243.1
15/07/2014,798,182.1,1.7,132.5,243.38
16/07/2014,782.4,182,1.69,133,243.19
17/07/2014,787.6,182.3,1.7,133,242.81
18/07/2014,803.3,182.8,1.69,133,240.92
21/07/2014,803.2,183.1,1.7,133.8,241.37
22/07/2014,808,182.8,1.7,133.8,241.97
23/07/2014,806.9,183.3,1.71,134.6,242.9
24/07/2014,803,183.2,1.71,134.9,243.17
25/07/2014,795.9,183.1,1.72,134.8,243.89
28/07/2014,812.1,183,1.71,134.1,242.67
29/07/2014,815.6,183.5,1.72,135.3,243.03
30/07/2014,812.7,183.7,1.71,135.1,243.1
31/07/2014,806.9,183.1,1.7,134.8,239.67
01/08/2014,793,183.1,1.68,133.2,237.57
04/08/2014,803.4,184.2,1.68,133.6,236.89
05/08/2014,799.9,184,1.68,133.4,237.81
06/08/2014,795.6,184.8,1.67,132.1,235.92
07/08/2014,813,184.9,1.68,132.2,236.84
08/08/2014,820.4,186.3,1.67,132,235.59
11/08/2014,819.2,185.4,1.69,133.4,239.43
12/08/2014,825.7,185.1,1.69,133.9,239.91
13/08/2014,835.8,184.9,1.71,135,240.67
14/08/2014,842,185.8,1.72,136,241.99
15/08/2014,830.4,186.4,1.72,136.5,244.21
18/08/2014,821.5,186.7,1.72,136.3,245.77
19/08/2014,826.7,186.8,1.74,137.8,246.79
20/08/2014,818.9,186.6,1.74,137.9,246.85
21/08/2014,818.3,186.1,1.74,138.7,248.33
22/08/2014,802.8,186.9,1.75,138.9,248.52
25/08/2014,802.8,186.9,1.75,138.9,248.52
26/08/2014,793.5,187.3,1.75,138.2,249.46
27/08/2014,806.8,187.7,1.75,138.4,250.49
28/08/2014,805.3,189,1.75,138.2,250.18
29/08/2014,809.3,188.7,1.75,137.8,249.51
01/09/2014,815.6,188.6,1.75,138.1,248.9
02/09/2014,815.8,188,1.76,138.8,250.24
03/09/2014,803.7,187,1.78,139.8,251.75
04/09/2014,800.8,187.6,1.78,140,250.59
05/09/2014,785.8,186.8,1.78,140.4,250.94
08/09/2014,793.3,187.1,1.8,142.6,249.77
09/09/2014,775.9,186.3,1.8,141.9,249.95
10/09/2014,781.1,186.3,1.79,141.1,250.23
11/09/2014,765.4,186,1.79,138.7,249.46
12/09/2014,771.4,186.2,1.79,138.7,248.95
15/09/2014,765,186.1,1.79,135.8,248.95
16/09/2014,763.2,186.2,1.79,135.4,249.72
17/09/2014,761.8,186,1.79,135.2,248.82
18/09/2014,747.2,185.5,1.78,134.7,248.19
19/09/2014,736.2,185.3,1.79,134,250.76
22/09/2014,718.9,186.5,1.79,134,248.82
23/09/2014,709.1,187.2,1.77,132.9,247.26
24/09/2014,716.4,187.3,1.76,131.8,245.08
25/09/2014,709.5,187.6,1.78,132.5,247.18
26/09/2014,712.6,187.8,1.76,131.9,244.03
29/09/2014,706.9,187.5,1.77,133,244.61
30/09/2014,705.9,187.5,1.78,133.1,244.57
01/10/2014,696.7,187.9,1.78,132.6,244.83
02/10/2014,700.6,188.5,1.77,132.4,241.97
03/10/2014,704.1,188.7,1.77,132.6,241.49
06/10/2014,689.7,188.4,1.79,133.7,243.67
07/10/2014,695.2,189,1.79,133.3,240.54
08/10/2014,681,189.9,1.77,132.4,238.3
09/10/2014,713.9,190.7,1.79,133.5,241.75
10/10/2014,701.9,190.8,1.77,133.8,236.98
13/10/2014,695.5,191,1.76,133.6,235.5
14/10/2014,704.3,192.4,1.75,134.4,233.75
15/10/2014,710.7,192.3,1.77,135.9,235.69
16/10/2014,712.3,194.2,1.73,133.4,232.87
17/10/2014,708.1,191.6,1.72,134.7,234.16
20/10/2014,692.4,191.3,1.74,134.5,235.77
21/10/2014,703.2,190.8,1.76,136.6,237.96
22/10/2014,707.6,191.3,1.78,138,240.49
23/10/2014,691.7,191,1.78,138.4,240.85
24/10/2014,693.2,190.7,1.79,138.8,240.75
27/10/2014,685.5,190.8,1.8,138.6,240.16
28/10/2014,676.8,190.3,1.81,139.5,241.94
29/10/2014,685.8,190.5,1.83,140,243.4
30/10/2014,670.9,190.5,1.83,139.9,243.18
31/10/2014,633.7,190.3,1.86,142.9,248.15
03/11/2014,616.1,190,1.87,143.1,247.74
04/11/2014,625.6,190.5,1.87,143.9,248.22
05/11/2014,611,190.4,1.89,144,249.72
06/11/2014,598.2,190.6,1.89,142.8,249.91
07/11/2014,619,190.3,1.91,142.9,253.37
10/11/2014,651.4,191.6,1.9,142.7,251.78
11/11/2014,626.2,190.9,1.92,144.1,254.41
12/11/2014,647.7,191.6,1.92,144.2,251.65
13/11/2014,652.2,191.3,1.94,144.7,254.54
14/11/2014,647.3,191.7,1.95,146.1,255.45
17/11/2014,674.8,192.5,1.95,145.5,255.01
18/11/2014,684.2,191.7,1.96,145.5,257.52
19/11/2014,701,191.9,1.96,145.6,257.93
20/11/2014,675.9,192.2,1.95,144.4,256.36
21/11/2014,690.9,192.8,1.96,145.7,258.21
24/11/2014,695.9,193.2,1.97,145.9,259.28
25/11/2014,694.6,194,1.97,146.1,260.27
26/11/2014,709.5,194.5,1.97,145.6,261.33
27/11/2014,703.2,195.4,1.98,146.3,261.91
28/11/2014,689.7,196.1,1.99,146.9,263.23
01/12/2014,653.9,196,2,146.9,265.41
02/12/2014,682.5,195.5,2,147.5,264.56
03/12/2014,674.5,194.7,2.01,147.9,264.45
04/12/2014,685.7,195.3,2,147.2,265.44
05/12/2014,675.8,194.8,2.01,147.4,266.79
08/12/2014,667.4,194.5,2,146.7,264.74
09/12/2014,670.2,195.7,2,147.1,264.31
10/12/2014,689.5,196,1.98,146.9,262.09
11/12/2014,678.1,197.2,1.96,146.8,260.4
12/12/2014,653.7,197.2,1.97,146,256.11
15/12/2014,654.8,197.7,1.95,145.6,254.94
16/12/2014,622.9,199.6,1.93,143.6,252.59
17/12/2014,614.9,198.8,1.92,143.7,253.71
18/12/2014,646.6,197.8,1.95,146.5,255.19
19/12/2014,663.2,196.9,2,147.8,261.44
22/12/2014,661,197.1,2.01,148.5,263.17
23/12/2014,641,197.8,2.02,150.3,263.67
24/12/2014,638.7,196.7,2.02,150.1,264.79
25/12/2014,638.7,196.7,2.02,150.1,264.79
26/12/2014,638.7,196.7,2.02,150.1,264.79
29/12/2014,658,197.5,2.02,150.3,264.91
30/12/2014,655.3,198.1,2.01,150.6,263.59
31/12/2014,667.3,199,2,149.9,263.3
01/01/2015,667.3,199,2,149.9,263.3
02/01/2015,672.5,198.9,2,149.9,261.3
05/01/2015,688.8,199.6,2.01,152.5,262.63
06/01/2015,708.2,201.5,2,153.2,257.17
07/01/2015,725.9,201.4,2,155.4,258.24
08/01/2015,725.1,201.7,2.03,157.9,261.16
09/01/2015,720,201.6,2.06,157.4,264.43
12/01/2015,736.9,202.2,2.06,157.9,264.64
13/01/2015,754.3,203.4,2.06,159.1,265.67
14/01/2015,726.1,203.8,2.04,158.2,266.16
15/01/2015,725.2,204.7,2.03,158.5,262.57
16/01/2015,755.5,204.8,2.03,159.4,265.35
19/01/2015,777.6,204.6,2.05,160.5,267.91
20/01/2015,781.7,204.5,2.06,161.4,269.47
21/01/2015,803.4,205,2.06,161.1,272.16
22/01/2015,782.7,204.2,2.07,160.1,274.09
23/01/2015,785,205.6,2.12,164.4,278.23
26/01/2015,761.3,205.4,2.11,163.7,279.53
27/01/2015,765.8,205.4,2.11,163.9,280.05
28/01/2015,777.7,205.7,2.07,162.8,277.32
29/01/2015,755.3,206.5,2.07,162.6,278.8
30/01/2015,746.4,207,2.08,163.1,280.49
02/02/2015,762.2,207.7,2.05,162,280.09
03/02/2015,770.7,206.9,2.07,161.8,281.38
04/02/2015,750.7,205.6,2.06,161.4,278.95
05/02/2015,757.6,205,2.06,161.1,279.94
06/02/2015,761.9,204.5,2.06,161.9,278.45
09/02/2015,738.4,203.2,2.06,158.5,276.9
10/02/2015,740,202.1,2.05,158.4,278.81
11/02/2015,723.6,201.8,2.06,157.8,279.33
12/02/2015,717.4,200.4,2.06,157.6,281.15
13/02/2015,720.8,200.6,2.06,158.8,280.99
16/02/2015,723.7,200.6,2.06,158.3,277.71
17/02/2015,726.2,200.4,2.05,158.1,278.4
18/02/2015,707.3,198.5,2.06,157.9,279.92
19/02/2015,719.6,198.6,2.06,158.2,281.95
20/02/2015,709.3,198.5,2.07,157,281.32
23/02/2015,704,199.2,2.08,158.2,283.81
24/02/2015,702.5,198.9,2.09,158.1,285.2
25/02/2015,708.8,200.7,2.08,156.3,285.4
26/02/2015,716.1,201.6,2.08,156.3,283.94
27/02/2015,723.2,199.5,2.1,155.7,284.68
02/03/2015,730.6,199.5,2.1,156.8,286.88
03/03/2015,717.5,197.7,2.11,157.7,287.14
04/03/2015,706.5,197,2.09,157,283.07
05/03/2015,700.3,196.7,2.1,156.8,286.08
06/03/2015,701.7,197.5,2.12,157.8,288.3
09/03/2015,668.8,195.9,2.09,153.5,285.09
10/03/2015,650.4,196.9,2.1,153.6,285.8
11/03/2015,635.9,197.1,2.07,153.7,281.82
12/03/2015,658.3,199.1,2.07,155,281.96
13/03/2015,657.1,199.4,2.1,158.4,284.34
16/03/2015,661,200.3,2.1,158.9,287.27
17/03/2015,663.3,201.2,2.12,160,288.84
18/03/2015,663.3,201.7,2.13,161.1,289.33
19/03/2015,675.9,202.8,2.12,161.8,291.17
20/03/2015,679.6,203,2.14,163.5,291.4
23/03/2015,698.6,204.2,2.13,164.7,290.39
24/03/2015,710.1,203.8,2.14,165.4,294.47
25/03/2015,706.4,204.3,2.13,164.9,293.4
26/03/2015,703,203.2,2.09,161.8,285.9
27/03/2015,686.6,202.7,2.1,162,286.13
30/03/2015,680.4,203.9,2.12,163,290.26
31/03/2015,674.5,203.4,2.12,163.2,290.16
01/04/2015,667.5,203.2,2.11,163.3,288.15
02/04/2015,693.5,204.3,2.1,163.3,287.61
03/04/2015,693.5,204.3,2.1,163.3,287.61
06/04/2015,693.5,204.3,2.1,163.3,287.61
07/04/2015,702.1,202.5,2.12,164.8,290.77
08/04/2015,694.5,203.3,2.12,163.2,292.66
09/04/2015,687.6,203.8,2.13,164.9,295.97
10/04/2015,691.2,202.7,2.16,165.1,297.08
13/04/2015,701.7,202.1,2.17,164.7,296.9
14/04/2015,696.4,203.6,2.16,164,295.95
15/04/2015,696.4,203.7,2.15,163.4,295.83
16/04/2015,705.9,203.3,2.13,161.6,295.26
17/04/2015,698,203.4,2.13,160.3,294.5
20/04/2015,696.2,202.7,2.12,160.8,292.14
21/04/2015,700.7,203.4,2.15,161.2,294.66
22/04/2015,699.8,202.4,2.13,159.9,291.17
23/04/2015,683.5,201.1,2.14,160.3,291.57
24/04/2015,694,200.6,2.15,159.7,292.06
27/04/2015,683.8,201.7,2.16,160.1,289.4
28/04/2015,691.6,201.8,2.12,158.8,289.99
29/04/2015,702.5,200.2,2.12,157.8,289.68
30/04/2015,701.6,199.1,2.1,155.3,285.72
01/05/2015,697.7,199.2,2.1,155,286.44
04/05/2015,697.7,199.2,2.1,155,286.44
05/05/2015,711.5,197.5,2.14,157.6,289.93
06/05/2015,705.5,196.7,2.11,154,285.85
07/05/2015,691.7,196.6,2.1,152.5,282.68
08/05/2015,688.9,198.3,2.1,152.9,288.61
11/05/2015,689.1,198.7,2.12,153.7,292.12
12/05/2015,687.7,196.9,2.08,149.9,287.64
13/05/2015,693.3,197.6,2.08,151,288.63
14/05/2015,702.9,196.6,2.08,149.6,289.36
15/05/2015,705.2,197,2.11,152.3,292.27
18/05/2015,709.1,197.9,2.11,153.4,292.83
19/05/2015,710.2,198.5,2.14,154.6,295.91
20/05/2015,695.6,197,2.14,154.3,293.76
21/05/2015,691,196.9,2.12,152.3,294.26
22/05/2015,693.4,197.8,2.13,152.8,294.22
25/05/2015,693.4,197.8,2.13,152.8,294.22
26/05/2015,693.3,198.2,2.13,154.3,293.88
27/05/2015,680.9,198.1,2.12,153.3,293.49
28/05/2015,684.5,199.1,2.15,154.6,296.7
29/05/2015,693.1,199.4,2.16,154.5,295.42
01/06/2015,692.8,199.1,2.14,153.9,294.32
02/06/2015,692.2,197.9,2.14,154.3,291.66
03/06/2015,697.2,196.4,2.12,153,293.42
04/06/2015,681.2,194.4,2.11,150,291.52
05/06/2015,677.9,195.9,2.1,150.3,289.12
08/06/2015,674.3,195.8,2.1,149.5,290.06
09/06/2015,676.2,196,2.08,149,288.26
10/06/2015,671,194.3,2.06,147.4,287.55
11/06/2015,671.8,194,2.09,148.2,291.48
12/06/2015,663.7,195.2,2.09,148.3,290.73
15/06/2015,656.9,196.7,2.07,148,287.21
16/06/2015,654.5,196.4,2.04,146.4,284.77
17/06/2015,641.8,195.7,2.04,145.5,285.82
18/06/2015,651.9,196.2,2.03,144.8,283.74
19/06/2015,656.3,195.6,2.06,146.7,286.52
22/06/2015,644.3,195.1,2.06,147.1,288.89
23/06/2015,643.1,194.3,2.08,146.6,291.38
24/06/2015,642.8,193.7,2.07,146.2,291.92
25/06/2015,642.8,194.2,2.06,146,289.77
26/06/2015,635.6,194.4,2.06,144.5,287.86
29/06/2015,634.4,195.7,2.05,143.8,284.65
30/06/2015,626.3,196,2.02,143.1,281.55
01/07/2015,620.7,194.9,2.03,144.2,283.34
02/07/2015,617.8,193.8,2.04,145.3,284.99
03/07/2015,616.9,195.3,2.04,144.9,283.43
06/07/2015,619.2,196.4,2.04,144.7,281.31
07/07/2015,626.4,197.1,2.04,146.1,280.9
08/07/2015,612.2,198.8,2.06,146.8,279.48
09/07/2015,609.4,197.4,2.06,147.6,281.68
10/07/2015,605.3,195.6,2.06,146.8,286.68
13/07/2015,598.7,193.6,2.08,147.7,290.13
14/07/2015,598.8,193.7,2.1,147.6,291.98
15/07/2015,601.5,194.2,2.09,147.8,291.29
16/07/2015,589.5,194,2.1,148.2,293.3
17/07/2015,588.4,195.1,2.12,149.1,293.85
20/07/2015,561.5,195.3,2.13,149.2,294.91
21/07/2015,528.3,194.5,2.14,149.4,293.86
22/07/2015,529.2,195.5,2.12,148.4,292.56
23/07/2015,532.3,196.1,2.12,148.6,290.78
24/07/2015,518.5,197.2,2.12,148.2,290.84
27/07/2015,530.5,198.5,2.12,148.1,286.16
28/07/2015,517.1,197.8,2.1,147.6,282.44
29/07/2015,519,197.3,2.11,147.1,284.45
30/07/2015,526.8,197.3,2.13,147.9,285.77
31/07/2015,518.8,197.8,2.13,148,287.03
03/08/2015,525.8,198.6,2.14,148.4,287.89
04/08/2015,522.2,200,2.15,149.3,287.71
05/08/2015,517,198.3,2.15,149,288.84
06/08/2015,513.4,198.3,2.17,148.7,289.45
07/08/2015,521.2,199,2.15,149.2,288.68
10/08/2015,522.9,199.8,2.16,149.8,288.28
11/08/2015,541.7,200,2.15,148.4,287.45
12/08/2015,550.8,201.1,2.12,148,281.4
13/08/2015,570.9,200,2.13,148.8,284.67
14/08/2015,552.9,199.9,2.12,149.3,284.45
17/08/2015,548.2,199.7,2.12,149.2,284.45
18/08/2015,555.9,199.6,2.12,149.4,283.71
19/08/2015,549.8,199.3,2.12,149.6,281.22
20/08/2015,561.2,201.2,2.1,148.3,279.15
21/08/2015,580.4,201.7,2.07,147.2,275.72
24/08/2015,556.6,202.1,2.01,141.7,265.28
25/08/2015,531.6,201.3,1.98,140.4,267.18
26/08/2015,520.9,200.7,1.96,138.8,266.02
27/08/2015,510.1,199.6,2.03,142.6,269.76
28/08/2015,524.5,200.2,2.06,143.6,272.31
31/08/2015,524.5,200.2,2.06,143.6,272.31
01/09/2015,531.2,199.6,2.04,140,269.22
02/09/2015,523.4,200.1,2.01,140.3,267.54
03/09/2015,522.9,199.8,2.04,140.9,273.23
04/09/2015,519.9,201,2.04,140.2,270.16
07/09/2015,518.5,201.8,2.01,139.1,270.38
08/09/2015,517.6,201.7,2.02,139.3,273.36
09/09/2015,521.9,201,2.06,141.2,276.82
10/09/2015,510.1,200.6,2.02,138.6,274.46
11/09/2015,509,201.1,2.02,138.8,272.51
14/09/2015,510.2,200.6,2.03,140.7,274.46
15/09/2015,504.9,200.9,2.02,140.2,271.33
16/09/2015,506.3,199.1,2.05,141,276.12
17/09/2015,524.5,198.9,2.06,141.4,277.49
18/09/2015,540.8,200.8,2.04,141.7,276.18
21/09/2015,540.8,200,2.04,142,276.02
22/09/2015,530.4,200.3,2.04,142.4,271.98
23/09/2015,519.1,201.1,2.04,142.6,270.7
24/09/2015,517.6,201.8,2.05,143.5,272.33
25/09/2015,543.8,200.7,2.07,145.3,275.85
28/09/2015,538.2,201.5,2.06,144.9,275.38
29/09/2015,521.1,201.6,2.03,143.2,271.09
30/09/2015,523.8,201.5,2.05,145,273.44
01/10/2015,537.9,201.7,2.07,146.9,278.61
02/10/2015,527,201.9,2.08,146.7,278.49
05/10/2015,564.9,201.7,2.1,148.4,282.67
06/10/2015,575.1,201.3,2.13,149.7,284.09
07/10/2015,589.7,200.1,2.1,148.4,284.48
08/10/2015,586.4,201.3,2.11,148.9,281.78
09/10/2015,592.1,200.5,2.13,150.4,284.13
12/10/2015,607.3,200.4,2.13,150.1,283.41
13/10/2015,601.4,200.7,2.15,151,283.11
14/10/2015,595.4,200.7,2.12,149.1,282.47
15/10/2015,621.9,201.1,2.12,148.5,283.49
16/10/2015,619.4,201.1,2.13,150,286.55
19/10/2015,604.3,200.2,2.14,150,286.88
20/10/2015,585.1,200,2.16,151.1,287.08
21/10/2015,604.1,200.5,2.16,151.4,285.22
22/10/2015,589.5,200.4,2.15,151,284.68
23/10/2015,602,200.3,2.19,153.8,288.98
26/10/2015,613.2,200,2.2,152.9,288.68
27/10/2015,596.2,200.8,2.21,153.1,289.47
28/10/2015,598.9,201.3,2.22,153.5,289.71
29/10/2015,589.3,200.3,2.22,153.3,290.64
30/10/2015,566.3,199.2,2.21,152.6,289.79
02/11/2015,556.2,199,2.19,150,289.18
03/11/2015,560.9,199.1,2.2,152,289.35
04/11/2015,562,198,2.21,150.9,290.74
05/11/2015,550.2,198.3,2.22,150.9,290.4
06/11/2015,543.7,199,2.23,153,290.61
09/11/2015,525.9,196.9,2.22,149.3,289.89
10/11/2015,530.7,198,2.2,147.1,287.14
11/11/2015,521.1,197.8,2.21,148,288.41
12/11/2015,524.4,198.1,2.21,148.6,288.89
13/11/2015,516.3,198.3,2.17,146.9,282.65
16/11/2015,521.9,198.7,2.17,145.9,281.17
17/11/2015,522.9,198.5,2.21,147.6,284.95
18/11/2015,508.4,199.3,2.2,147.6,284.62
19/11/2015,524,199.4,2.21,148.6,288.54
20/11/2015,528.7,199.9,2.21,149.4,287.93
23/11/2015,518.8,199.5,2.23,151.3,287.61
24/11/2015,516.6,200.6,2.22,151.1,285.27
25/11/2015,531.6,200.4,2.24,151.3,287.57
26/11/2015,529.4,200.7,2.24,151.9,289.25
27/11/2015,531.4,201.3,2.25,151.7,289.49
30/11/2015,522.5,201.3,2.26,152.5,291.24
01/12/2015,531,200.9,2.25,152.1,291.07
02/12/2015,542.1,203.1,2.27,153.8,292.32
03/12/2015,539.4,202.8,2.28,153.2,294.39
04/12/2015,536.8,199.8,2.23,149,287.63
07/12/2015,554,200.5,2.28,151.6,292.24
08/12/2015,535,201.8,2.27,151.6,289.43
09/12/2015,529.6,201.7,2.25,150.5,286.9
10/12/2015,531.6,201.6,2.23,148.8,282.85
11/12/2015,530,201.4,2.22,147.2,282.34
14/12/2015,538.5,202.2,2.21,147.5,280.26
15/12/2015,518.8,200.2,2.22,147.7,280
16/12/2015,522.3,199.8,2.25,150.9,285.14
17/12/2015,540.2,200.7,2.29,153.6,289.64
18/12/2015,515.8,201.1,2.26,152.6,287.2
21/12/2015,528.2,201.4,2.24,152.4,287.68
22/12/2015,538.3,200.9,2.25,152.7,284.99
23/12/2015,543.4,199.9,2.28,153.4,289
24/12/2015,548.7,199.4,2.29,154,291.79
25/12/2015,548.7,199.4,2.29,154,291.79
28/12/2015,548.7,199.4,2.29,154,291.79
29/12/2015,555.3,200,2.31,155.7,293.76
30/12/2015,548.9,199.1,2.33,156.8,294.58
31/12/2015,542.6,199.2,2.31,156,293.54
01/01/2016,542.6,199.2,2.31,156,293.54
04/01/2016,540,200.3,2.28,153.5,287.67
05/01/2016,559.8,200.3,2.26,154.2,285.86
06/01/2016,550.2,201.5,2.26,154.9,284.57
07/01/2016,562.3,202.4,2.25,154,278.6
08/01/2016,578.7,201.5,2.23,152.8,282.36
11/01/2016,572.5,201.6,2.22,151.5,279.09
12/01/2016,561.7,201.6,2.25,153.8,280.47
13/01/2016,547.3,202.4,2.27,153.5,283.84
14/01/2016,546.9,203.5,2.22,151.2,277.66
15/01/2016,531.9,203.3,2.24,149.8,275.94
18/01/2016,534.9,203.4,2.22,150.2,272.26
19/01/2016,538.5,202.2,2.23,151.6,276.1
20/01/2016,519.1,203.8,2.23,150,271.94
21/01/2016,530.2,204,2.22,148.1,272.62
22/01/2016,530.9,202.8,2.23,149.4,279.38
25/01/2016,534.6,203.8,2.26,151.6,280.71
26/01/2016,542.3,204.3,2.25,150.9,278.69
27/01/2016,558.8,204.1,2.27,152.3,283.44
28/01/2016,570.9,204.6,2.28,150.8,286.15
29/01/2016,556.8,206.1,2.29,152.1,287.1
01/02/2016,575.4,205.6,2.35,154.7,290.34
02/02/2016,580.3,205.5,2.33,152.4,288.72
03/02/2016,572.5,205.8,2.31,151.2,285.47
04/02/2016,606.7,205.8,2.3,151.8,284.24
05/02/2016,629.5,205.9,2.29,152,281.21
08/02/2016,652.2,206.8,2.26,149.6,272.3
09/02/2016,676,207.8,2.24,146.7,269.83
10/02/2016,654.1,208.2,2.24,145.1,272.41
11/02/2016,665.6,210.5,2.24,144.7,266.06
12/02/2016,692.1,209,2.22,143.6,266.49
15/02/2016,703.2,207.3,2.28,147.2,275.47
16/02/2016,703.2,207.8,2.29,148,275.14
17/02/2016,681.3,207.1,2.32,150.3,281.03
18/02/2016,689.5,206.6,2.33,150.6,283.68
19/02/2016,720.6,208.3,2.33,152.6,284.32
22/02/2016,719.2,207.4,2.37,156.5,286.9
23/02/2016,724.4,207.1,2.38,156,284.3
24/02/2016,745.6,208.4,2.38,156.8,285.47
25/02/2016,751.4,207.4,2.4,157.4,287.39
26/02/2016,759.3,207.7,2.43,159.7,292.47
29/02/2016,747,208,2.42,159.3,290.77
01/03/2016,758.3,208.4,2.41,159.1,297.01
02/03/2016,728.4,207,2.43,161.5,298.49
03/03/2016,743.2,207.5,2.42,162.1,296.48
04/03/2016,764.3,207.7,2.42,161.8,296.29
07/03/2016,767,207.2,2.42,161.2,294.75
08/03/2016,782.1,208.4,2.4,160.4,293.61
09/03/2016,752.6,207.4,2.4,160.4,295.13
10/03/2016,760.4,208.1,2.41,160.6,295.12
11/03/2016,781.9,206.5,2.41,160.9,295.95
14/03/2016,764.6,206.2,2.42,162.6,297.22
15/03/2016,747.6,207.5,2.45,164.1,298.68
16/03/2016,760.2,207.4,2.45,165.3,299.18
17/03/2016,800,208.2,2.42,164.5,297.77
18/03/2016,786.2,207.8,2.42,165.3,299.13
21/03/2016,788.5,208.1,2.43,165.6,299.07
22/03/2016,792.5,207.5,2.44,165.9,296.14
23/03/2016,790.9,207.1,2.46,166.9,300.52
24/03/2016,752.3,208.1,2.47,165.7,299.15
25/03/2016,752.3,208.1,2.47,165.7,299.15
28/03/2016,752.3,208.1,2.47,165.7,299.15
29/03/2016,749.9,208.1,2.45,165.4,299.46
30/03/2016,777.2,208.3,2.47,167.6,302
31/03/2016,773.1,208.4,2.47,167.1,302.15
01/04/2016,769.1,207.8,2.47,167.6,297.91
04/04/2016,771.2,207.8,2.51,168.8,301.68
05/04/2016,755.8,209.6,2.5,167.7,298.65
06/04/2016,777.8,208.6,2.51,169.6,299.49
07/04/2016,784.5,209.1,2.53,170.2,302.14
08/04/2016,805.7,209.6,2.52,170.4,300.23
11/04/2016,821.4,208.6,2.51,169.2,300.33
12/04/2016,852.9,207.6,2.48,168.2,298.66
13/04/2016,858,207.8,2.51,170.6,303.24
14/04/2016,853.9,208.1,2.53,171.1,303.38
15/04/2016,835.7,208.5,2.52,170,303.58
18/04/2016,849.7,208.2,2.53,170.4,303.97
19/04/2016,849.7,207,2.53,169.6,307.24
20/04/2016,874.9,207.4,2.53,169.8,305.5
21/04/2016,868.5,206.3,2.5,168.1,303.24
22/04/2016,877.8,206.3,2.48,166.3,298.41
25/04/2016,858.9,205.8,2.47,166.5,297.84
26/04/2016,843.1,205.2,2.45,166.5,297.06
27/04/2016,851.7,204.9,2.44,166,295.91
28/04/2016,869.1,206.3,2.45,165.8,293.38
29/04/2016,894.6,206.1,2.44,165.5,295.01
02/05/2016,894.6,206.1,2.44,165.5,295.01
03/05/2016,927.1,207,2.45,165.1,293.48
04/05/2016,903.6,207.9,2.46,166.6,293.26
05/05/2016,869.9,207.3,2.46,168.4,293.52
06/05/2016,888.4,208.7,2.46,167.7,293.03
09/05/2016,920,208.7,2.49,170.1,296.2
10/05/2016,876.9,208.7,2.5,171.5,297.72
11/05/2016,906.9,209.1,2.52,170.9,296.14
12/05/2016,927.2,208.6,2.51,167.9,295.89
13/05/2016,916.3,209,2.5,168.6,293.61
16/05/2016,929.7,209.9,2.5,168.3,294.71
17/05/2016,937,208.9,2.5,168.5,297.25
18/05/2016,943.5,209,2.47,166.2,293.35
19/05/2016,870.7,207.5,2.43,162.2,289.36
20/05/2016,888.6,207.6,2.44,162.2,292.7
23/05/2016,895.9,208.1,2.46,164.2,293.63
24/05/2016,884.3,208,2.45,162.9,293.94
25/05/2016,838.5,208.4,2.47,163.6,298.43
26/05/2016,853.5,208.2,2.47,163.5,296.64
27/05/2016,847.7,209.4,2.48,164.2,297.49
30/05/2016,847.7,209.4,2.48,164.2,297.49
31/05/2016,827.7,208.5,2.49,165.1,298.98
01/06/2016,853.4,210.1,2.5,166.8,298.82
02/06/2016,855.4,210.6,2.51,166.7,299.37
03/06/2016,862.1,211.3,2.52,168,299.97
06/06/2016,948.1,212.4,2.53,169.6,300.02
07/06/2016,939.9,211.8,2.52,167.3,301.46
08/06/2016,938.1,212.2,2.51,168.2,299.74
09/06/2016,963.3,212.9,2.53,169.8,298.17
10/06/2016,981.6,213.3,2.53,169.5,294.09
13/06/2016,985.4,213.7,2.55,171.4,291.75
14/06/2016,979.5,214.8,2.52,170.2,285.03
15/06/2016,959.9,213.9,2.52,169.8,286.28
16/06/2016,989.6,215.9,2.52,170.9,283.11
17/06/2016,968.6,215.1,2.51,170,285.6
20/06/2016,942.5,212.9,2.48,168.5,291.87
21/06/2016,941.5,212.1,2.48,166.9,292.83
22/06/2016,926.7,211.4,2.5,168,294.5
23/06/2016,933.5,210.1,2.49,166.8,298.46
24/06/2016,1018,216.6,2.64,173.7,288.76
27/06/2016,1100,218.9,2.66,180.3,290.65
28/06/2016,1091,218.4,2.64,181,289.4
29/06/2016,1081,219.6,2.66,183,294.48
30/06/2016,1104,219.3,2.69,184.2,300.16
01/07/2016,1141,223.5,2.78,188.5,308.21
04/07/2016,1175,222,2.78,189.3,308.67
05/07/2016,1213,223.3,2.8,189.8,304.62
06/07/2016,1252,224.7,2.82,191.9,306.69
07/07/2016,1270,223.8,2.82,191.8,309.84
08/07/2016,1242,223.5,2.83,191.3,310.76
11/07/2016,1272,224.6,2.87,194.5,314.65
12/07/2016,1265,223.5,2.84,194.2,318.52
13/07/2016,1219,223.3,2.82,191.6,316.61
14/07/2016,1231,223.5,2.82,192.2,319.42
15/07/2016,1219,222.8,2.81,190.4,314.26
18/07/2016,1215,222,2.84,192.5,317.34
19/07/2016,1219,222.5,2.85,193.7,317.43
20/07/2016,1210,222,2.86,195.1,320.61
21/07/2016,1154,220.8,2.86,194.8,320.79
22/07/2016,1189,221.6,2.88,196.3,320.54
25/07/2016,1180,221.4,2.87,197.1,323.08
26/07/2016,1151,222.5,2.87,197.7,323.92
27/07/2016,1176,222.4,2.88,197.1,325.07
28/07/2016,1221,224.2,2.86,196.4,325.19
29/07/2016,1211,223.7,2.85,196.6,324.2
01/08/2016,1242,224.8,2.87,198.9,324.35
02/08/2016,1240,223,2.87,197.9,322.35
03/08/2016,1252,223,2.84,193.5,319.6
04/08/2016,1242,223,2.85,194.4,318.79
05/08/2016,1269,227,2.89,196.3,324.43
08/08/2016,1235,227.2,2.91,197.9,326.21
09/08/2016,1251,228,2.93,199.3,327.07
10/08/2016,1267,230.7,2.93,199.1,328.07
11/08/2016,1288,231.4,2.95,200.2,328.73
12/08/2016,1288,231.1,2.96,199.2,332.17
15/08/2016,1286,231.5,2.97,200.7,333.22
16/08/2016,1284,231.3,2.96,199.7,332.01
17/08/2016,1266,229,2.94,197.3,330.12
18/08/2016,1248,230.2,2.92,195.9,330.54
19/08/2016,1253,229.9,2.93,196.2,329.59
22/08/2016,1224,229.5,2.92,195.5,331.01
23/08/2016,1206,229.8,2.91,195.8,330.91
24/08/2016,1179,230.6,2.89,194.7,330.11
25/08/2016,1116,231.1,2.88,194.8,325.78
26/08/2016,1130,230.8,2.88,194.9,326.36
29/08/2016,1130,230.8,2.88,194.9,326.36
30/08/2016,1127,231.3,2.91,196,328.77
31/08/2016,1072,231.5,2.89,194.5,327.17
01/09/2016,1044,229.9,2.86,193.2,327.64
02/09/2016,1077,230,2.87,192.8,327.8
05/09/2016,1113,229.6,2.88,193.5,329.92
06/09/2016,1114,230.4,2.87,193.8,329.13
07/09/2016,1155,230.1,2.87,194.2,328.27
08/09/2016,1152,229.6,2.88,195.6,328.56
09/09/2016,1127,226.2,2.87,193.8,325.64
12/09/2016,1077,224.4,2.81,187.8,317.08
13/09/2016,1105,225.9,2.85,189.2,320.69
14/09/2016,1074,223.2,2.84,187.1,321.31
15/09/2016,1067,222.7,2.84,186.8,319.81
16/09/2016,1073,224.2,2.87,187.8,322.58
19/09/2016,1082,223.7,2.89,190.1,326.1
20/09/2016,1092,224.3,2.91,192.6,327.97
21/09/2016,1094,224.6,2.9,192.5,328
22/09/2016,1162,226.1,2.93,193.9,330.31
23/09/2016,1165,227.9,2.95,197.1,330.58
26/09/2016,1142,227.7,2.94,197.7,327.75
27/09/2016,1138,228.8,2.92,197.9,326.6
28/09/2016,1108,228.6,2.93,195.8,329.43
29/09/2016,1128,227.2,2.93,196.7,329.28
30/09/2016,1127,228,2.91,195.3,326.64
03/10/2016,1126,226.4,2.95,196.7,333.31
04/10/2016,1113,227.1,2.98,195.4,338.83
05/10/2016,1024,224.9,2.96,193,337.09
06/10/2016,1023,225.2,2.96,190.5,334.51
07/10/2016,1023,221.9,3.02,194.5,335.22
10/10/2016,1028,221.2,3.01,193.7,334.67
11/10/2016,1036,221.9,3.05,196,337.79
12/10/2016,1023,220.2,3.01,194.4,334.99
13/10/2016,1056,220.9,3.01,196.2,332.47
14/10/2016,1058,219.9,3.01,197.2,332.32
17/10/2016,1041,218.3,3.01,197.3,329.5
18/10/2016,1055,219.8,3,197,328.38
19/10/2016,1088,220.3,2.99,197.2,327.08
20/10/2016,1111,219.4,3,198.6,328.74
21/10/2016,1115,220.5,3,198.8,329.45
24/10/2016,1110,221.3,3,198.2,331.09
25/10/2016,1096,219.7,3.02,198.8,331.05
26/10/2016,1117,219,2.98,198.4,328.18
27/10/2016,1087,217.4,2.96,195.5,329.44
28/10/2016,1084,216.6,2.98,193.9,328.24
31/10/2016,1091,217,2.98,194.1,330.54
01/11/2016,1110,216.8,2.97,195.4,329.28
02/11/2016,1130,217.9,2.94,191.8,326.8
03/11/2016,1101,217.6,2.89,188.2,325.06
04/11/2016,1100,217.7,2.88,186.2,317.83
07/11/2016,1081,218.4,2.9,188.3,320.31
08/11/2016,1062,217.8,2.93,189.5,322.93
09/11/2016,1083,216.2,2.93,187.8,321.62
10/11/2016,1075,214.9,2.9,187.5,323.05
11/11/2016,982,214.2,2.82,181.1,312.57
14/11/2016,918,212.1,2.81,182,313.57
15/11/2016,935.7,213.7,2.8,186.1,315.58
16/11/2016,963.9,213.5,2.82,184.1,314.02
17/11/2016,957.3,214.3,2.83,184,315.7
18/11/2016,935.2,212.8,2.86,183.6,317.4
21/11/2016,936.2,213,2.86,184.2,316.69
22/11/2016,942.8,214.7,2.86,183.4,318.44
23/11/2016,944.7,213.6,2.87,186.2,320.35
24/11/2016,901.6,212.7,2.85,184.4,317.44
25/11/2016,898.1,213.4,2.86,184.5,317.8
28/11/2016,907.1,214.2,2.88,186.1,317.53
29/11/2016,926.6,213.9,2.86,186,315.32
30/11/2016,929.1,214.9,2.89,188.2,317.06
01/12/2016,893.1,213,2.8,183.4,311.37
02/12/2016,891.3,213.1,2.76,181.7,308.62
05/12/2016,902.4,213.6,2.76,181.4,311.66
06/12/2016,902.2,214,2.77,182.3,308.42
07/12/2016,913.1,214.2,2.8,185.7,311.13
08/12/2016,920.6,213.9,2.81,187.7,314.82
09/12/2016,926.5,213,2.84,188.9,315.34
12/12/2016,897.3,211.9,2.85,187.7,316.26
13/12/2016,893.4,213,2.85,187.7,317.13
14/12/2016,910.5,213.8,2.88,188.6,318.8
15/12/2016,870.3,211.7,2.89,186.3,318
16/12/2016,834.8,212.9,2.91,186.6,321.24
19/12/2016,840.7,213.1,2.92,188.7,322.43
20/12/2016,852.2,213.7,2.94,191.1,322.76
21/12/2016,855.6,214,2.94,191,324.36
22/12/2016,855.5,214.8,2.94,189.9,323.81
23/12/2016,863.2,215.6,2.97,191.3,325.84
26/12/2016,863.2,215.6,2.97,191.3,325.84
27/12/2016,863.2,215.6,2.97,191.3,325.84
28/12/2016,880.9,216.4,2.98,191.8,325.62
29/12/2016,917.9,218,2.96,191.2,326.92
30/12/2016,969.5,218.1,2.97,192.6,326.74
02/01/2017,969.5,218.1,2.97,192.6,326.74
03/01/2017,936.6,216,2.96,194.8,328.67
04/01/2017,975.3,215.9,2.97,194.8,328.3
05/01/2017,985.2,214.8,2.97,196.8,329.51
06/01/2017,1030,215.4,2.97,197.3,328.54
09/01/2017,1015,215.2,3.02,199.8,331.4
10/01/2017,1022,215.4,3.02,199.4,332.74
11/01/2017,1031,215.1,3.02,198.4,332.72
12/01/2017,1027,215.9,3.01,195.4,331.94
13/01/2017,1030,215.2,3.04,197.5,334.69
16/01/2017,1049,215.5,3.06,198.7,336.56
17/01/2017,1049,216.5,3.02,196.3,335.81
18/01/2017,1048,215.6,3.01,196.6,329.94
19/01/2017,1029,214.6,3.01,195.2,330.68
20/01/2017,1026,213.5,3.01,194.2,331.15
23/01/2017,1033,213.9,2.98,193.1,330.06
24/01/2017,1052,214.4,2.98,194,330.76
25/01/2017,1044,214.2,2.97,191.9,330.7
26/01/2017,1022,212.4,2.96,191.5,329.03
27/01/2017,1006,212.6,2.96,191.9,328.22
30/01/2017,1017,213,2.97,190.7,325.64
31/01/2017,1023,213.5,2.98,191.3,330.09
01/02/2017,1038,213.8,2.95,190.1,330.13
02/02/2017,1050,213.5,2.94,188.2,327.44
03/02/2017,1072,214,3.01,192.1,332.45
06/02/2017,1085,215.2,3.03,193.1,333.59
07/02/2017,1126,215.4,3.04,194.4,334.84
08/02/2017,1123,216.7,3.03,192.9,333.43
09/02/2017,1126,217,3.02,193.5,334.38
10/02/2017,1113,216.8,3.05,195.1,336.58
13/02/2017,1121,216.1,3.04,194.7,337.03
14/02/2017,1119,215.7,3.06,195.8,337.31
15/02/2017,1117,215.7,3.07,195.9,337.58
16/02/2017,1111,216,3.07,194.6,337.8
17/02/2017,1125,217.2,3.11,196.6,337.08
20/02/2017,1103,217,3.09,196.1,341.26
21/02/2017,1103,216.6,3.11,196.8,340.47
22/02/2017,1095,217.8,3.12,198.2,342.31
23/02/2017,1089,217.7,3.12,197.7,343.1
24/02/2017,1089,219.1,3.11,197.3,343.97
27/02/2017,1079,219.9,3.16,199.4,343.38
28/02/2017,1025,219.9,3.14,199.6,344.24
01/03/2017,1030,220.1,3.18,200.7,346.05
02/03/2017,1040,219.5,3.2,200.3,347.99
03/03/2017,999.8,219.4,3.21,200.1,348.69
06/03/2017,1008,219,3.2,199.2,348.24
07/03/2017,991.8,219.4,3.22,199.8,349.47
08/03/2017,986.6,219.5,3.22,199.4,349.46
09/03/2017,982.9,219.4,3.22,197.1,349.35
10/03/2017,974.8,218.7,3.24,195.4,351.74
13/03/2017,1004,218.7,3.24,194.2,351.22
14/03/2017,1019,218.4,3.26,195.3,352.23
15/03/2017,991.6,219,3.24,194.4,350.44
16/03/2017,1043,219,3.25,196.6,352.61
17/03/2017,1036,218.5,3.23,195.9,351.42
20/03/2017,1032,218.5,3.24,196.2,352.87
21/03/2017,1038,218.3,3.22,194.8,352.75
22/03/2017,1052,219.5,3.2,194.2,348.86
23/03/2017,1049,220,3.2,193.7,348.21
24/03/2017,1041,219.5,3.2,194.7,348.98
27/03/2017,1042,220.2,3.19,192.8,347.7
28/03/2017,1046,220.2,3.19,192.8,348.29
29/03/2017,1035,220,3.22,195.2,348.29
30/03/2017,1039,221.1,3.22,195,352.26
31/03/2017,1023,221.5,3.21,194.8,349.45
03/04/2017,1024,221.4,3.2,195,350.35
04/04/2017,1049,223,3.21,196.3,351.54
05/04/2017,1056,222.1,3.21,196.2,352.04
06/04/2017,1060,221.5,3.21,196.9,351.03
07/04/2017,1071,222,3.21,198.4,352.1
10/04/2017,1068,221.6,3.22,198.5,355.01
11/04/2017,1074,222.1,3.22,199.5,356.63
12/04/2017,1091,222.5,3.21,199.7,356.96
13/04/2017,1101,223.1,3.21,199.3,355.87
14/04/2017,1101,223.1,3.21,199.3,355.87
17/04/2017,1101,223.1,3.21,199.3,355.87
18/04/2017,1073,223.1,3.19,198.5,354.72
19/04/2017,1053,223.2,3.15,196,349.35
20/04/2017,1028,222.5,3.16,196.3,349.39
21/04/2017,1033,223.1,3.16,196.2,349
24/04/2017,1029,221.8,3.18,196.5,354.28
25/04/2017,1010,221.8,3.23,194.9,356.07
26/04/2017,973.7,221.6,3.25,195.3,355.64
27/04/2017,973.2,221.7,3.23,193.1,354.05
28/04/2017,952,221.1,3.23,191.9,354.99
01/05/2017,952,221.1,3.23,191.9,354.99
02/05/2017,951.6,221.1,3.24,192.3,355.85
03/05/2017,949.3,221.6,3.26,192,356.96
04/05/2017,942.2,221,3.26,191,358.12
05/05/2017,918.4,220.3,3.26,189.5,360.05
08/05/2017,929.6,220.4,3.26,190.9,360.95
09/05/2017,935.8,218.9,3.27,190.5,362.32
10/05/2017,935.5,219.8,3.26,189.5,361.69
11/05/2017,950.2,219.8,3.27,191.2,364.03
12/05/2017,974.3,220.4,3.28,190.9,364.85
15/05/2017,984.7,220.8,3.27,190.2,365.12
16/05/2017,983.4,220,3.3,190.7,366.72
17/05/2017,993.4,221.2,3.29,189,366.46
18/05/2017,995.7,222.7,3.26,188.1,363.57
19/05/2017,982.7,221.9,3.28,189.6,364.33
22/05/2017,993.8,221.7,3.29,190.6,366.82
23/05/2017,1001,222,3.32,191.3,368.26
24/05/2017,976.3,222.4,3.33,191.5,368.92
25/05/2017,980,222.9,3.35,192.7,369.03
26/05/2017,986.5,223.4,3.38,194.5,370.63
29/05/2017,986.5,223.4,3.38,194.5,370.63
30/05/2017,986.5,223.2,3.37,193.2,370.32
31/05/2017,985.4,223.5,3.4,193.6,374.27
01/06/2017,989.6,222.3,3.41,194,376.02
02/06/2017,988.6,222.2,3.44,195,377.22
05/06/2017,994.9,222.1,3.43,195.5,375.45
06/06/2017,995.5,223,3.43,195.4,372.73
07/06/2017,1036,223.4,3.43,195.2,373.02
08/06/2017,1022,222.7,3.43,194.9,371.04
09/06/2017,1025,222.9,3.46,196.9,370.95
12/06/2017,1015,223.1,3.45,198.5,369.19
13/06/2017,1010,221.9,3.43,199.9,370.89
14/06/2017,1016,222.6,3.45,200.3,372.86
15/06/2017,981,223.4,3.43,199.4,370.96
16/06/2017,973.4,221.6,3.44,200,371.77
19/06/2017,969.7,222.6,3.45,199.7,374.97
20/06/2017,972.7,222.7,3.5,200.8,378.71
21/06/2017,965.8,223.3,3.48,199.7,375.71
22/06/2017,979.9,223.3,3.48,199.1,374.78
23/06/2017,986.7,222.8,3.46,198.4,372.05
26/06/2017,996.7,223.2,3.48,198.8,374.57
27/06/2017,990.3,222.6,3.46,199.1,372.06
28/06/2017,974.8,220.9,3.42,196.9,370.33
29/06/2017,967.7,219.4,3.4,195.3,367.9
30/06/2017,944.8,218.7,3.36,193.4,363.46
03/07/2017,944.9,218,3.36,193,362.27
04/07/2017,939.9,218.4,3.36,194.6,361.15
05/07/2017,926,218,3.36,194.5,361.33
06/07/2017,934.9,217.3,3.36,192.5,361.92
07/07/2017,928.3,217.1,3.36,190.8,360.35
10/07/2017,916.3,217.6,3.39,192,364.12
11/07/2017,929.3,217.9,3.37,190,359.86
12/07/2017,939.8,217.8,3.39,190.5,361.21
13/07/2017,938.5,218.7,3.41,191.9,363.24
14/07/2017,921.3,217.9,3.4,191.7,363.96
17/07/2017,926.7,218,3.4,191.9,364.03
18/07/2017,939.9,218.9,3.41,193.9,365.55
19/07/2017,936.9,219.2,3.41,193.5,365.32
20/07/2017,943.6,219.4,3.45,196.1,367.72
21/07/2017,947.7,219.7,3.45,195,371.05
24/07/2017,947,220.1,3.42,194.6,366.51
25/07/2017,939.7,219.8,3.43,194.5,368.07
26/07/2017,939.7,219,3.41,194.1,370.17
27/07/2017,955.8,219.6,3.4,194.5,374.35
28/07/2017,944.9,219.1,3.41,195.1,373.33
31/07/2017,953.4,219.5,3.4,194.4,373.37
01/08/2017,942.8,219.3,3.38,193.6,372.72
02/08/2017,939.3,219.3,3.37,194,373.04
03/08/2017,938.1,218.8,3.37,193.6,373
04/08/2017,945.3,220.4,3.39,194.7,375.27
07/08/2017,934.4,220.2,3.41,195.7,378.58
08/08/2017,937.7,220.8,3.42,196,378
09/08/2017,940.5,221.5,3.41,196,377.13
10/08/2017,955,221.8,3.41,195.2,376.3
11/08/2017,971.3,222.5,3.39,194.3,372.72
14/08/2017,964,221.8,3.41,194.4,375.08
15/08/2017,963.1,221.8,3.45,197.1,377.1
16/08/2017,951.1,221,3.47,197,381.04
17/08/2017,970.4,221.3,3.48,197.6,382.16
18/08/2017,968,221.7,3.43,196.4,377.6
21/08/2017,964.1,222.2,3.43,195.2,377.79
22/08/2017,975.5,222.2,3.46,197.7,380.47
23/08/2017,973.8,221.9,3.48,197.4,382.02
24/08/2017,978.8,222.4,3.46,198.1,381.51
25/08/2017,983,222.3,3.45,197.2,381.11
28/08/2017,983,222.3,3.45,197.2,381.11
29/08/2017,1014,223.7,3.42,195.2,375.94
30/08/2017,1019,223.4,3.44,195.9,378.82
31/08/2017,1011,223.1,3.47,197.4,379.8
01/09/2017,1027,222.7,3.48,197.4,381.61
04/09/2017,1030,222.5,3.47,197.4,381.01
05/09/2017,1032,222.5,3.47,197.3,380.58
06/09/2017,1040,223.5,3.44,195.5,376.12
07/09/2017,1034,223.5,3.45,195.9,375.8
08/09/2017,1049,224.6,3.44,196.1,376.41
11/09/2017,1030,223.6,3.44,196.3,378.21
12/09/2017,999.4,222.5,3.45,195.5,377.32
13/09/2017,1006,221.3,3.44,194.5,375.34
14/09/2017,992,220.9,3.44,194.1,377.96
15/09/2017,972.7,217.7,3.36,190.4,370.62
18/09/2017,965,217.9,3.37,191.4,370.95
19/09/2017,954.6,218,3.39,191,370.97
20/09/2017,957.2,217.7,3.38,189.9,369.97
21/09/2017,940.1,216.8,3.37,189.4,367.94
22/09/2017,934.4,217.2,3.35,188.5,367.38
25/09/2017,946.1,217.6,3.36,188.3,368.25
26/09/2017,961.6,218.2,3.35,189.6,367.66
27/09/2017,946.7,216.9,3.35,189.4,367.87
28/09/2017,933.2,216.5,3.35,188.2,369.04
29/09/2017,943.9,217.5,3.36,190,371.34
02/10/2017,942.6,217.9,3.39,191,375.1
03/10/2017,948,217.3,3.41,191.9,376.12
04/10/2017,953.8,218,3.41,191.8,377.43
05/10/2017,965.5,217.4,3.45,193.4,379.74
06/10/2017,971.1,216.4,3.5,195.4,381.81
09/10/2017,972.1,216.9,3.48,193.9,382.61
10/10/2017,974.7,216.8,3.48,194,382.84
11/10/2017,971.9,216.6,3.49,194.4,383.52
12/10/2017,983,217,3.51,195.6,385.42
13/10/2017,977.6,216.8,3.49,194.5,385.71
16/10/2017,978.3,217.4,3.49,194.9,385.51
17/10/2017,966.8,218.8,3.51,194.9,385.51
18/10/2017,964.4,218.4,3.52,194.9,385.51
19/10/2017,961.5,219,3.52,196.5,386.29
20/10/2017,962.3,218.1,3.52,195.7,385.87
23/10/2017,954.2,218,3.54,194.3,384.74
24/10/2017,948.7,217.7,3.53,193.8,384.2
25/10/2017,932.3,216.8,3.52,191.6,382.62
26/10/2017,928,216.6,3.53,191.9,382.88
27/10/2017,923.5,217.5,3.57,192.5,387.87
30/10/2017,926.9,217.7,3.58,191.8,384.93
31/10/2017,932.1,218.1,3.56,191.6,385.24
01/11/2017,922.4,217.9,3.55,190.8,385.94
02/11/2017,926.1,217.8,3.58,193.7,384.54
03/11/2017,925.7,219.1,3.59,195.4,387.87
06/11/2017,921.5,219.4,3.61,194.5,388.03
07/11/2017,930.7,220.1,3.59,195.3,387.26
08/11/2017,927.9,220.8,3.6,197,387.77
09/11/2017,934.1,219.9,3.61,197.7,387.33
10/11/2017,929.3,218.7,3.59,197.1,383.68
13/11/2017,925.1,218.8,3.59,198,385.01
14/11/2017,922.5,218.2,3.6,198.2,384.94
15/11/2017,919.1,219.2,3.59,196.7,385.19
16/11/2017,921.1,218.6,3.58,195.6,384.32
17/11/2017,923.2,218.5,3.61,196.6,385.18
20/11/2017,927.3,218.8,3.59,195.7,385.93
21/11/2017,920.7,220.3,3.6,195.7,386.84
22/11/2017,928.2,219.4,3.62,196.3,389.85
23/11/2017,935.1,219.9,3.59,195.7,388.45
24/11/2017,936.4,219.8,3.6,196,390.55
27/11/2017,932.6,220.1,3.6,195.8,391.2
28/11/2017,936.4,219.8,3.62,195.6,391.14
29/11/2017,922.7,218.7,3.6,193.4,389.8
30/11/2017,899.2,217.7,3.56,193.1,382.81
01/12/2017,894.2,219.3,3.57,192.6,381.69
04/12/2017,893.7,219.4,3.57,193,383.67
05/12/2017,894.8,219.6,3.56,194,384.02
06/12/2017,883.9,220.1,3.58,193.5,384.06
07/12/2017,876.1,219.9,3.61,193.7,387.37
08/12/2017,866.7,218.3,3.57,192.3,383.82
11/12/2017,879.7,220.4,3.6,194.3,386.35
12/12/2017,876.1,220.3,3.61,194.9,387.86
13/12/2017,868,220.1,3.62,195.9,389.8
14/12/2017,888.3,220.8,3.61,195.3,390.71
15/12/2017,889.4,222.3,3.6,195.5,388.6
18/12/2017,891.2,222.5,3.65,197.3,391.97
19/12/2017,902.4,222.1,3.65,198.1,392.87
20/12/2017,901.1,220,3.64,195.3,393.34
21/12/2017,913.8,219.4,3.64,193.9,391.52
22/12/2017,920.4,220.1,3.63,193.4,393.26
25/12/2017,920.4,220.1,3.63,193.4,393.26
26/12/2017,920.4,220.1,3.63,193.4,393.26
27/12/2017,936.1,220.5,3.62,194.8,392.92
28/12/2017,937.4,221.3,3.63,195.5,394.3
29/12/2017,934.5,221.7,3.62,195.1,394.23
01/01/2018,934.5,221.7,3.62,195.1,394.23
02/01/2018,937.7,220,3.6,194.7,394.31
03/01/2018,947.9,220.6,3.6,194.4,392.32
04/01/2018,938.5,220.6,3.63,194.8,391.52
05/01/2018,942.9,220.8,3.65,193.5,393.68
08/01/2018,942.3,221.2,3.68,194.1,394.22
09/01/2018,936.1,220.9,3.68,195,393.98
10/01/2018,922.8,219.8,3.69,193.4,394
11/01/2018,929,220.4,3.7,193.1,390.54
12/01/2018,920.7,219.4,3.66,190.5,390.74
15/01/2018,937.6,219.9,3.66,188.5,390.21
16/01/2018,946.9,220,3.66,189.2,390.57
17/01/2018,946.6,220.1,3.66,188.7,386.91
18/01/2018,927.9,219.5,3.66,188.1,388.14
19/01/2018,915.8,219.3,3.68,187.4,389.57
22/01/2018,918,218.9,3.7,187.6,390
23/01/2018,910.7,219.4,3.71,188.7,390.68
24/01/2018,914.2,218.6,3.66,188.3,388.45
25/01/2018,925.2,218.1,3.63,186.4,386.22
26/01/2018,912,218.3,3.64,186.3,386.42
29/01/2018,920.2,218,3.69,188,387.69
30/01/2018,898.4,218,3.7,185.6,388.96
31/01/2018,887.3,217.9,3.69,184.5,387.88
01/02/2018,883.2,216.3,3.67,185.1,386.24
02/02/2018,884.3,216.1,3.63,181.7,387.15
05/02/2018,869.2,216.2,3.6,181.1,382.14
06/02/2018,857,217.7,3.51,176.5,374.86
07/02/2018,840.4,216.5,3.54,178.4,374.12
08/02/2018,823.1,216.3,3.5,176.3,375.64
09/02/2018,832.6,216.6,3.43,174.7,370.22
12/02/2018,819.1,215.6,3.48,177.3,369.51
13/02/2018,839.9,215.7,3.51,176.7,370.19
14/02/2018,840.9,215.5,3.52,178.2,371.82
15/02/2018,866.5,213.6,3.52,175.6,371.46
16/02/2018,863.1,215.4,3.56,177.3,376.54
19/02/2018,851.1,215.8,3.57,178.9,377.07
20/02/2018,847.9,215.7,3.55,178.6,377.49
21/02/2018,830.8,216.8,3.56,178.3,378.99
22/02/2018,827.4,216.5,3.56,176.2,379.75
23/02/2018,821.2,217.1,3.55,177.6,380.82
26/02/2018,825.2,217.2,3.59,178.8,382.16
27/02/2018,832.2,217.2,3.62,179.9,384.39
28/02/2018,814.1,217.3,3.61,177.8,382.07
01/03/2018,813.9,218.7,3.58,178.7,380.87
02/03/2018,818.6,218.7,3.53,178.5,376.57
05/03/2018,814.9,218.1,3.54,177.6,377.94
06/03/2018,819.2,216.1,3.57,178.2,381.14
07/03/2018,829.3,217.7,3.57,178.7,379.73
08/03/2018,817.2,217.5,3.6,180.4,380.6
09/03/2018,816.6,217.4,3.63,181.1,383.95
12/03/2018,813,217.4,3.67,181.6,386.11
13/03/2018,814.2,217.7,3.66,181.6,386.21
14/03/2018,814.7,218.2,3.62,180.5,383.75
15/03/2018,815.7,219.7,3.62,181.2,383.46
16/03/2018,804.6,219.9,3.62,180.7,383.59
19/03/2018,799.3,219.1,3.59,180.1,380.36
20/03/2018,800.8,220.2,3.56,180,380.88
21/03/2018,794.1,218.7,3.55,178.7,380.05
22/03/2018,801.1,220.2,3.51,176.1,378.61
23/03/2018,795.5,220.1,3.45,176.1,372.27
26/03/2018,812,220.2,3.39,173.8,373.84
27/03/2018,819.9,220.8,3.46,176,375.67
28/03/2018,805.7,221.5,3.42,175.2,373.12
29/03/2018,797,221.6,3.45,179.1,378.73
30/03/2018,797,221.6,3.45,179.1,378.73
02/04/2018,797,221.6,3.45,179.1,378.73
03/04/2018,816.7,222,3.43,178,375.5
04/04/2018,804.8,221.7,3.44,178,377.51
05/04/2018,801,220,3.48,180.4,382.92
06/04/2018,804.7,219.9,3.51,180.1,384.8
09/04/2018,801.7,220.2,3.45,179.5,385.32
10/04/2018,801.2,219.9,3.47,179.2,386.42
11/04/2018,806.5,220.5,3.5,178.2,387.59
12/04/2018,823.7,220.2,3.49,178.4,386.41
13/04/2018,814.8,219.3,3.47,176.4,382.69
16/04/2018,819.3,218.8,3.46,176.7,384.77
17/04/2018,817.4,218.9,3.47,176.9,382.8
18/04/2018,829.6,219.5,3.54,179.8,384.43
19/04/2018,834.7,218.5,3.54,179.6,385
20/04/2018,834,218,3.51,179.6,386.01
23/04/2018,834,217.5,3.51,179.5,384.2
24/04/2018,828.9,217.3,3.52,180.1,387.72
25/04/2018,829.3,216.8,3.45,179.6,385.89
26/04/2018,825.8,217.8,3.45,179.6,388.06
27/04/2018,840.5,219,3.55,183.9,391.65
30/04/2018,846.1,219.3,3.57,187.5,395.35
01/05/2018,831.8,219.8,3.56,187.5,395.92
02/05/2018,837.3,218.8,3.58,188.5,397.42
03/05/2018,846.4,219.3,3.56,188.7,396.16
04/05/2018,853.3,220.3,3.57,188.9,397.47
07/05/2018,853.3,220.3,3.57,188.9,397.47
08/05/2018,852,219.6,3.63,191.9,401.7
09/05/2018,855,218.3,3.62,190.5,400.52
10/05/2018,856.8,218.9,3.65,191.8,403.98
11/05/2018,862.4,219.1,3.68,193.3,406.45
14/05/2018,857.6,218.3,3.69,193.3,405.93
15/05/2018,853.9,218.3,3.69,192.1,406.27
16/05/2018,841.9,218.3,3.68,190.3,407.95
17/05/2018,841.4,217.8,3.68,189.5,409.97
18/05/2018,836.4,217.3,3.69,189,412.16
21/05/2018,843.6,218.3,3.73,190.6,416.2
22/05/2018,843.7,217.6,3.74,191.1,417.06
23/05/2018,837.8,218.6,3.74,192.2,417.06
24/05/2018,840.9,218.8,3.77,193.3,415.06
25/05/2018,850.2,220.4,3.78,193.9,416.14
28/05/2018,850.2,220.4,3.78,193.9,416.14
29/05/2018,836.5,223.5,3.78,194.5,412.57
30/05/2018,845.9,222.6,3.76,195.3,410.03
31/05/2018,854.4,222.7,3.79,196.4,413.21
01/06/2018,848.9,222.2,3.79,195.9,412.46
04/06/2018,847.4,221.8,3.8,196.6,415.1
05/06/2018,843.2,221.8,3.83,197.5,415.3
06/06/2018,849.5,220.6,3.83,196.9,416.57
07/06/2018,846.2,219.3,3.83,196.8,415.61
08/06/2018,840.8,220,3.82,197,411.72
11/06/2018,842.6,219.3,3.86,198,417.98
12/06/2018,840.7,218.9,3.85,197.1,417.47
13/06/2018,844.8,220.2,3.88,198.5,420.35
14/06/2018,839.4,220.6,3.86,195,413.88
15/06/2018,851.3,221.2,3.9,197.8,419.04
18/06/2018,841.8,221.5,3.9,197.8,414.91
19/06/2018,841.7,222,3.9,197.8,412.24
20/06/2018,840.9,221.9,3.91,198.7,413.21
21/06/2018,834.2,221.8,3.91,199.3,414.36
22/06/2018,831.4,221.1,3.87,198.5,412.18
25/06/2018,839.9,221.4,3.89,199.3,412.82
26/06/2018,832.9,221.6,3.83,199.9,411.19
27/06/2018,839.2,222.4,3.85,199.9,409.34
28/06/2018,845.8,222.7,3.85,200.7,412.63
29/06/2018,845,222.5,3.87,201.2,415.4
02/07/2018,852.3,222.4,3.85,200.3,413.1
03/07/2018,847,222.1,3.87,199.9,413.4
04/07/2018,854.4,222.4,3.85,200.9,412.93
05/07/2018,858.7,222.2,3.84,200.5,413.86
06/07/2018,861.6,222.8,3.88,201.9,416.33
09/07/2018,855.9,222,3.89,201.8,416.65
10/07/2018,855,222.4,3.93,201.9,418.92
11/07/2018,847.5,222.3,3.94,201.1,417.37
12/07/2018,838.5,222.4,3.95,201.4,419.3
13/07/2018,844.1,222.9,4.01,202.8,424.22
16/07/2018,830.8,222.4,3.98,200.6,419.93
17/07/2018,831.4,222.4,3.98,200.4,421.36
18/07/2018,842.7,223.3,4.08,202.5,427.12
19/07/2018,841.9,223.5,4.09,202.4,428.11
20/07/2018,837.7,223.8,4.07,203.4,431
23/07/2018,835.4,223.6,4.06,201.1,426.88
24/07/2018,828.6,222.8,4.08,201.5,427.78
25/07/2018,827.7,222.8,4.06,200.6,424.43
26/07/2018,838.5,222.6,4.04,201.4,425.29
27/07/2018,833.8,222.3,4.06,202.9,423.83
30/07/2018,829.6,221.5,4.03,201.2,421.59
31/07/2018,827.4,221.2,3.97,201.2,419.78
01/08/2018,828.4,220.9,3.98,202.8,421.88
02/08/2018,815.6,220.8,3.97,202.8,420.39
03/08/2018,819.8,220.7,4.03,204.2,424.3
06/08/2018,826.1,221.9,4.06,206.7,426.96
07/08/2018,827,222.1,4.06,206.8,427.87
08/08/2018,816.7,221.9,4.08,208.1,429.64
09/08/2018,820.4,221.6,4.06,207,429.91
10/08/2018,817,222.5,4.08,207.8,429.74
13/08/2018,813.5,223.1,4.06,206.3,427.48
14/08/2018,798.1,222.5,4.07,206,431.9
15/08/2018,786.2,223.1,4.08,206.9,431.11
16/08/2018,752.1,223,4.07,209,428.92
17/08/2018,737.6,223.6,4.09,209.7,430.76
20/08/2018,754.8,222.8,4.09,210.8,431.63
21/08/2018,755.1,222.5,4.08,209.8,431.99
22/08/2018,755,222.2,4.07,208.5,428.51
23/08/2018,753.7,222,4.07,207.3,432.91
24/08/2018,738.1,222,4.08,207.8,431.78
27/08/2018,738.1,222,4.08,207.8,431.78
28/08/2018,770.6,221.5,4.12,208.8,435.67
29/08/2018,756.3,221.2,4.13,210.5,435.94
30/08/2018,747,220.8,4.11,207.9,432.56
31/08/2018,737,221.4,4.09,207.2,430.86
03/09/2018,743,221.8,4.12,208.9,432.3
04/09/2018,740.6,222.2,4.12,209.3,433.25
05/09/2018,723.7,221.3,4.1,207.3,427.74
06/09/2018,712.9,220.9,4.02,206.6,424.06
07/09/2018,709,221.1,4,205.4,421.75
10/09/2018,709,220.7,4.03,205.1,421.76
11/09/2018,698.2,220,4.02,204.3,421.36
12/09/2018,699.1,220.2,4.05,205.1,421.24
13/09/2018,712.2,220,4.04,204.5,420.76
14/09/2018,709.5,219.3,4.05,204.6,419.67
17/09/2018,709.6,219.2,4.04,203.6,421
18/09/2018,719.5,219.2,4.01,204.3,418.81
19/09/2018,724.2,217.7,4.01,202.9,417.22
20/09/2018,737.9,217.8,3.99,200.7,415.68
21/09/2018,741.7,218.3,4.05,202.5,418.47
24/09/2018,736,218.4,4.07,203.2,420
25/09/2018,740.6,216.8,4.05,200.6,417.21
26/09/2018,745.7,217.5,4.05,201.3,418.08
27/09/2018,728.4,218.3,4.06,199.7,416.03
28/09/2018,731.7,218.8,4.09,200.7,418.11
01/10/2018,745.2,218,4.09,202.5,418.51
02/10/2018,741,218.7,4.11,201.5,414.89
03/10/2018,760.7,218.9,4.1,200.7,416.12
04/10/2018,749,216.7,4.05,198.3,413.05
05/10/2018,742.8,216.4,3.97,196,406.83
08/10/2018,737.1,216.1,3.94,195.9,403.76
09/10/2018,734.9,215.7,3.89,197.9,400.21
10/10/2018,721.1,214.8,3.86,196.5,397.99
11/10/2018,726.6,215.1,3.73,192.6,383.46
12/10/2018,774.1,215.7,3.7,190.1,384.85
15/10/2018,768.9,216.5,3.74,189.3,380.58
16/10/2018,777.6,216.3,3.73,189.9,384.58
17/10/2018,779,217.4,3.83,194.4,390.72
18/10/2018,774.9,217.6,3.84,194.6,390.71
19/10/2018,782.9,218.3,3.83,195.3,388.4
22/10/2018,786.5,217.8,3.86,196.3,392.34
23/10/2018,780.8,219,3.84,193.8,387.46
24/10/2018,798.5,219.7,3.85,195.7,387.5
25/10/2018,790.8,219.8,3.77,197,387.87
26/10/2018,756.8,220.9,3.85,198.7,387.65
29/10/2018,765,220.5,3.81,198.1,389.78
30/10/2018,762.5,220.8,3.8,199.9,388.55
31/10/2018,762,220.6,3.84,200.4,395.06
01/11/2018,751.8,219.7,3.86,197.5,395.32
02/11/2018,772.3,219.7,3.86,197.3,397.13
05/11/2018,767.1,219,3.84,195,394.88
06/11/2018,762,219,3.83,196.4,392.8
07/11/2018,761,217.9,3.83,197.2,395.57
08/11/2018,756.2,217.8,3.9,199.2,395.57
09/11/2018,756.4,218.1,3.92,199.9,397.93
12/11/2018,751.2,219.9,3.94,202.4,398.01
13/11/2018,733.8,218.9,3.86,202,396.62
14/11/2018,722.6,218.4,3.86,201.9,394.52
15/11/2018,747.5,218.7,3.89,203.5,401.96
16/11/2018,753.2,218.7,3.93,202,401.46
19/11/2018,767.9,219.5,3.95,204.2,400.89
20/11/2018,768.2,219.2,3.87,202.9,395.55
21/11/2018,770.2,219.1,3.82,202.4,391.44
22/11/2018,778.1,219.1,3.81,201.8,396.06
23/11/2018,779.6,219.7,3.82,202.4,398.26
26/11/2018,763.7,219.1,3.82,203.3,403.41
27/11/2018,759.7,218.9,3.89,204.6,404.75
28/11/2018,741.9,218.2,3.89,204.4,404.79
29/11/2018,759,218.8,3.98,206,405.69
30/11/2018,752.8,218.3,3.97,205.3,401.87
03/12/2018,757.9,217.7,4.01,208.3,405.84
04/12/2018,760.3,220,4.01,206.9,403.71
05/12/2018,763.6,220.5,3.92,205.4,399.06
06/12/2018,762.5,221.8,3.9,204.5,389.93
07/12/2018,768.1,222.3,3.92,208.6,393.53
10/12/2018,795.7,224.1,3.88,208.2,388.81
11/12/2018,797.8,224.2,3.93,208.2,389.17
12/12/2018,794.9,224.1,3.97,210.1,396.76
13/12/2018,800.9,223.3,3.95,205.5,396.64
14/12/2018,803,222.2,3.98,207,393.94
17/12/2018,795.2,222.6,3.87,206.5,393.94
18/12/2018,806.8,223.4,3.8,201,390.33
19/12/2018,824.1,223.2,3.8,202.8,390.91
20/12/2018,787.3,222.8,3.75,200.5,391.38
21/12/2018,813,222.1,3.7,197.8,388.42
24/12/2018,809.6,223,3.64,196.7,386.49
25/12/2018,809.6,223,3.64,196.7,386.49
26/12/2018,809.6,223,3.64,196.7,386.49
27/12/2018,827,222.7,3.69,195,385.59
28/12/2018,831.9,222.7,3.72,195.5,388.1
31/12/2018,824.2,222.1,3.7,194.6,389.94
01/01/2019,824.2,222.1,3.7,194.6,389.94
02/01/2019,833.2,224.1,3.75,195.1,389.51
03/01/2019,847.2,223.5,3.73,194.3,385.88
04/01/2019,858.9,223.6,3.65,195.5,387.35
07/01/2019,848.1,223.6,3.72,196,391.91
08/01/2019,836.6,223.1,3.75,198,394.34
09/01/2019,840.4,222.8,3.81,200.9,398.4
10/01/2019,847.6,223.4,3.8,201.3,395.59
11/01/2019,836.8,222.6,3.8,202.5,400.4
14/01/2019,832.4,222.9,3.76,201.2,395.91
15/01/2019,828.9,223,3.75,201.4,395.34
16/01/2019,816.4,222.2,3.79,202.8,393.35
17/01/2019,815.6,222.9,3.78,203,392.97
18/01/2019,817.4,221.6,3.82,203.7,395.63
21/01/2019,805.3,222.4,3.87,204.7,400.2
22/01/2019,801.9,222.4,3.86,204.4,400.48
23/01/2019,799.8,222,3.79,202.2,395.69
24/01/2019,797,223.5,3.81,202.6,397.22
25/01/2019,801.9,223.9,3.78,202.6,395.52
28/01/2019,819.1,222.9,3.78,203.7,392.55
29/01/2019,827.1,224.3,3.78,205.7,393.03
30/01/2019,850.6,224.6,3.78,207.6,396.54
31/01/2019,857.2,224.7,3.85,209.1,398.86
01/02/2019,872.7,224.7,3.88,210.3,402.92
04/02/2019,866.9,224.2,3.89,209.5,403.82
05/02/2019,867.6,224,3.94,211.5,407.32
06/02/2019,868.2,225,4,213,410.89
07/02/2019,864,225.5,4.01,212.9,412.08
08/02/2019,851,225.8,3.96,212.6,407.99
11/02/2019,866.5,226,4,213.6,410.78
12/02/2019,864.5,225.6,4.02,214.8,414.38
13/02/2019,859.1,225.5,4.04,212.1,415.47
14/02/2019,860.1,226.1,4.1,214.7,418.94
15/02/2019,869.1,226.2,4.09,214.5,417.85
18/02/2019,874.3,226,4.1,213.9,417.48
19/02/2019,873,226.2,4.09,214.1,417.21
20/02/2019,896.5,225.8,4.07,212.8,414.04
21/02/2019,898.6,225.2,4.07,211.4,415.86
22/02/2019,896.3,226.2,4.08,212.3,418.52
25/02/2019,890.3,225.4,4.09,212.1,417.22
26/02/2019,867.1,224.7,4.06,209.2,414.05
27/02/2019,858.4,224.8,4.02,207.5,410.81
28/02/2019,845.4,223.3,4.02,206.5,409.82
01/03/2019,847.1,223,4.06,208.4,414.77
04/03/2019,830.1,223.1,4.09,207.8,416.91
05/03/2019,830.1,223.9,4.08,208.5,418.03
06/03/2019,839.2,224.3,4.09,209.5,415.89
07/03/2019,824.9,225.7,4.08,209.1,414.31
08/03/2019,834.9,225.7,4.07,210,411.7
11/03/2019,864.1,226,4.09,211.1,415.7
12/03/2019,854.6,225.8,4.12,212.9,414.12
13/03/2019,866.9,225.4,4.11,211.8,416.39
14/03/2019,862.4,224.6,4.12,211.8,416.48
15/03/2019,844.6,224.9,4.13,211.8,419.28
18/03/2019,848.7,225.3,4.15,211.6,422.02
19/03/2019,843.5,225.7,4.15,211,422.22
20/03/2019,845.2,226.7,4.18,211.5,423.32
21/03/2019,866.6,229.2,4.2,213.3,420.95
22/03/2019,866,229.9,4.23,215.1,421.32
25/03/2019,870.4,230.4,4.16,213.4,417.71
26/03/2019,885.1,230.4,4.17,213.7,419.57
27/03/2019,885.3,230.4,4.2,215.2,420.58
28/03/2019,886.4,230.6,4.23,216.5,424.56
29/03/2019,868.7,229.6,4.25,217.7,427.68
01/04/2019,865.7,229.6,4.28,217.7,430.72
02/04/2019,854.6,229.7,4.32,218.3,431.39
03/04/2019,852,228.4,4.28,217.4,430.94
04/04/2019,846.4,228.2,4.29,217.2,435
05/04/2019,863.7,226.8,4.3,217.8,435.81
08/04/2019,867.1,227.3,4.32,218.7,436.47
09/04/2019,871.4,227.2,4.31,217,435.45
10/04/2019,877.4,227.3,4.3,216.4,434.97
11/04/2019,866.4,227.7,4.31,217.4,437.33
12/04/2019,858.1,226.1,4.3,217.2,440.92
15/04/2019,849.1,225.1,4.3,217.2,439.53
16/04/2019,851.8,225.5,4.31,216.9,441.7
17/04/2019,841,225.1,4.29,214.1,443.32
18/04/2019,836.6,225.4,4.29,213.1,445.63
19/04/2019,836.6,225.4,4.29,213.1,445.63
22/04/2019,836.6,225.4,4.29,213.1,445.63
23/04/2019,815.2,225.3,4.31,212.7,447.48
24/04/2019,811.8,225.9,4.35,215.7,451.12
25/04/2019,818.5,226.6,4.35,217.8,451.9
26/04/2019,817.8,226.7,4.37,217.2,452.53
29/04/2019,830.9,226.7,4.37,217.9,454.51
30/04/2019,810.2,226.1,4.36,215,456.07
01/05/2019,809.3,226.6,4.36,215.2,456.79
02/05/2019,799.8,226.7,4.31,216,454.64
03/05/2019,794.2,225.7,4.33,216.9,455.02
06/05/2019,794.2,225.7,4.33,216.9,455.02
07/05/2019,797.7,226.1,4.32,216.2,456.05
08/05/2019,811.9,227.7,4.29,214.7,452.73
09/05/2019,806.1,227.1,4.31,214.6,454.37
10/05/2019,804.1,227.1,4.29,214.9,456.41
13/05/2019,799.1,227.1,4.3,215.8,452.93
14/05/2019,825.2,227.4,4.25,217.3,452.36
15/05/2019,822.4,228.8,4.3,218.8,457.37
16/05/2019,836.2,228.8,4.37,221.7,460.72
17/05/2019,827.2,229,4.42,223.2,464.05
20/05/2019,833.1,228.9,4.41,223.4,464.54
21/05/2019,839,228.4,4.42,223.2,465.74
22/05/2019,837.4,229.1,4.45,224.6,467.09
23/05/2019,827.2,230.1,4.45,223.8,460.89
24/05/2019,829.6,230.6,4.43,224.7,462.88
27/05/2019,829.6,230.6,4.43,224.7,462.88
28/05/2019,830.6,231.4,4.44,225,462.34
29/05/2019,830.7,231.4,4.41,223.5,458.42
30/05/2019,834.9,231.6,4.39,221.2,461.03
31/05/2019,851.2,232.8,4.41,221.1,459.75
03/06/2019,882.6,232.9,4.36,221.9,456.75
04/06/2019,908.4,233,4.31,222.3,456.31
05/06/2019,909.2,232.7,4.37,221.5,456.67
06/06/2019,913.5,233.2,4.43,224.4,459.8
07/06/2019,921.1,233.4,4.45,224.1,460.36
10/06/2019,921.4,233.8,4.52,225.8,461.75
11/06/2019,907.5,233.2,4.54,225.3,464.01
12/06/2019,912.8,233.1,4.52,224.1,461.6
13/06/2019,927.3,233.4,4.54,225.9,463.91
14/06/2019,945.4,234,4.54,226.9,460.86
17/06/2019,946.8,233.1,4.55,227.5,463.65
18/06/2019,957.3,234,4.6,230.9,466.42
19/06/2019,957.3,234,4.59,230.9,466.42
20/06/2019,957.3,234,4.59,230.9,466.42
21/06/2019,957.3,234,4.62,230.9,466.42
24/06/2019,1006,234.1,4.6,227.2,469.78
25/06/2019,1030,233.7,4.6,226.2,468.77
26/06/2019,1021,233.8,4.59,225.3,469.14
27/06/2019,1017,232.7,4.55,221.6,467.82
28/06/2019,1011,233,4.58,223.3,470.29
01/07/2019,1008,233.2,4.63,226.1,473.28
02/07/2019,1006,234.8,4.65,225.7,475.66
03/07/2019,1027,237,4.71,230.5,482.98
04/07/2019,1028,237.3,4.73,232.6,484.91
05/07/2019,1030,236.5,4.74,233.5,483.95
08/07/2019,1024,236.2,4.72,231.9,481.98
09/07/2019,1026,235.8,4.73,233.3,481.48
10/07/2019,1032,234.5,4.73,233.6,478.66
11/07/2019,1049,234.3,4.73,233.7,480.75
12/07/2019,1042,233.6,4.75,232.2,478.89
15/07/2019,1048,234.2,4.74,231.8,479.39
16/07/2019,1059,234.7,4.8,233.8,484.49
17/07/2019,1057,234.8,4.8,233.7,489.34
18/07/2019,1081,235.6,4.76,231.9,485.41
19/07/2019,1110,235.3,4.76,231.3,488.45
22/07/2019,1120,236.3,4.77,229.3,485.87
23/07/2019,1119,236.9,4.78,229.2,487.9
24/07/2019,1106,237,4.77,230.1,485.64
25/07/2019,1111,237,4.77,230.4,477.77
26/07/2019,1099,236.3,4.77,230.5,479.87
29/07/2019,1108,236.7,4.83,232.4,491.89
30/07/2019,1128,236.3,4.87,235.9,494.57
31/07/2019,1132,235.9,4.83,235.7,491.11
01/08/2019,1085,237.7,4.81,235.1,495.26
02/08/2019,1133,239.3,4.78,235.8,491.58
05/08/2019,1127,240.3,4.7,233.1,480.16
06/08/2019,1136,240.7,4.59,230.2,475.6
07/08/2019,1167,243.3,4.67,232.3,477.29
08/08/2019,1197,241.1,4.69,234.1,482.25
09/08/2019,1215,241.8,4.79,237.2,488.01
12/08/2019,1195,241,4.77,236.6,487.29
13/08/2019,1194,241.9,4.72,236,479.54
14/08/2019,1164,243.5,4.77,235,481.98
15/08/2019,1168,245.4,4.66,233.9,476.17
16/08/2019,1165,245.5,4.69,235.4,477.68
19/08/2019,1153,242.9,4.75,238.4,482.09
20/08/2019,1145,244.8,4.83,240,486.37
21/08/2019,1163,244,4.79,238,485.59
22/08/2019,1158,243.7,4.8,237.4,483.95
23/08/2019,1142,241.6,4.77,237.3,484.19
26/08/2019,1142,241.6,4.77,237.3,484.19
27/08/2019,1182,243.2,4.7,235.2,477.39
28/08/2019,1217,245.2,4.72,236.1,482.07
29/08/2019,1221,246,4.76,237.3,486.8
30/08/2019,1194,246.5,4.8,238.9,490.65
02/09/2019,1210,246.7,4.84,240,492.28
03/09/2019,1213,248.9,4.85,240.2,495.68
04/09/2019,1218,246.1,4.77,240.5,498.65
05/09/2019,1219,243.1,4.78,239.1,497.34
06/09/2019,1173,243.2,4.81,238.2,496.7
09/09/2019,1138,243.9,4.77,237.6,495.37
10/09/2019,1108,242,4.68,237.1,484.57
11/09/2019,1104,241,4.65,236.2,489.66
12/09/2019,1117,242.1,4.68,237.2,488.87
13/09/2019,1089,239.9,4.65,235.8,487.55
16/09/2019,1083,240.2,4.62,233.9,486.59
17/09/2019,1094,242.1,4.63,236,487.8
18/09/2019,1120,242.3,4.63,236.6,488.16
19/09/2019,1099,243.5,4.63,236.7,486.57
20/09/2019,1114,243.5,4.64,236.2,486.18
23/09/2019,1134,245.5,4.64,237.1,483.25
24/09/2019,1157,246.1,4.64,237.2,485.83
25/09/2019,1171,246.9,4.61,237.6,479.15
26/09/2019,1146,246.4,4.67,239.9,485.04
27/09/2019,1135,246.6,4.69,242.1,488.43
30/09/2019,1109,246.1,4.65,241.9,488.96
01/10/2019,1081,244.5,4.65,241.6,487.02
02/10/2019,1089,246.4,4.64,240.8,476.73
03/10/2019,1096,247.1,4.57,239.9,468.77
04/10/2019,1093,247.5,4.6,241,472.22
07/10/2019,1110,247.4,4.67,242.3,475.31
08/10/2019,1116,247.9,4.68,243.9,474.56
09/10/2019,1136,247.3,4.61,243.6,473.4
10/10/2019,1127,245.8,4.63,242.7,473.68
11/10/2019,1096,241.9,4.54,238.3,468.01
14/10/2019,1054,242.4,4.57,237.8,470.27
15/10/2019,1048,242.5,4.54,236.6,467.26
16/10/2019,1013,242.1,4.54,235.8,465.81
17/10/2019,1012,239.3,4.51,234.8,463.52
18/10/2019,1025,239.4,4.49,234.3,460.04
21/10/2019,1024,238.1,4.42,234,454.99
22/10/2019,1006,238.9,4.44,235.9,456.3
23/10/2019,1011,239.8,4.41,236.9,456.82
24/10/2019,1018,240.5,4.43,237,460.25
25/10/2019,1047,241.4,4.48,237.6,461.47
28/10/2019,1053,241,4.5,236.3,460.07
29/10/2019,1032,239.2,4.5,235.4,461.45
30/10/2019,1036,239.8,4.53,234.9,464.79
31/10/2019,1037,241.4,4.53,235.7,465.55
01/11/2019,1058,241.8,4.53,235.8,465
04/11/2019,1056,240.4,4.55,236.8,465.47
05/11/2019,1041,239.2,4.52,235.7,463.89
06/11/2019,1025,238,4.5,233.5,463.72
07/11/2019,1042,238,4.52,235.2,467.22
08/11/2019,1008,237.6,4.53,232.9,465.8
11/11/2019,1002,237.8,4.51,231,462.41
12/11/2019,999.7,236.5,4.51,231,463.43
13/11/2019,1007,238.3,4.54,229,464.05
14/11/2019,1016,238.3,4.55,230.4,466.36
15/11/2019,1020,238.7,4.54,231.2,466.37
18/11/2019,1003,238,4.56,231.5,464.7
19/11/2019,1016,238,4.57,233.4,469.08
20/11/2019,1017,239.3,4.59,233.8,461.69
21/11/2019,1015,237.6,4.55,231.9,457.44
22/11/2019,1004,238.9,4.56,231.1,461.27
25/11/2019,997.7,238.5,4.56,231.6,465.64
26/11/2019,993.9,240,4.59,232.5,468.79
27/11/2019,1012,240.1,4.62,234.2,472.35
28/11/2019,1006,240.1,4.63,234.5,470.38
29/11/2019,1010,240.6,4.63,234.4,472.2
02/12/2019,1017,239.1,4.61,233.1,467.9
03/12/2019,1017,238.8,4.56,229.6,461.84
04/12/2019,1028,239.5,4.52,229,457.55
05/12/2019,1015,238.1,4.52,228.5,458.84
06/12/2019,1019,238.3,4.52,229.4,460.93
09/12/2019,995.2,238.8,4.52,228.8,461.65
10/12/2019,991.6,238.1,4.5,229,458.88
11/12/2019,1003,238.2,4.51,228,461.02
12/12/2019,1023,238.6,4.52,225.8,464.23
13/12/2019,1000,236.4,4.48,220.8,468.96
16/12/2019,1009,238.6,4.53,221,475.36
17/12/2019,1004,238,4.59,224,473.56
18/12/2019,1008,238.6,4.61,224.4,475.84
19/12/2019,1016,238,4.62,226.2,473.2
20/12/2019,1023,237.4,4.67,228.5,477.11
23/12/2019,1013,238.6,4.72,229.9,482.36
24/12/2019,1045,238.4,4.73,229.9,482.78
25/12/2019,1045,238.4,4.73,229.9,482.78
26/12/2019,1045,238.4,4.73,229.9,482.78
27/12/2019,1073,238.5,4.71,229.6,483.33
30/12/2019,1070,236.9,4.71,229.6,482.44
31/12/2019,1084,236.4,4.64,228.4,478.9
01/01/2020,1084,236.4,4.64,228.4,478.9
02/01/2020,1074,236.7,4.65,229.8,480.96
03/01/2020,1102,240.2,4.7,229.1,476.14
06/01/2020,1095,239.6,4.64,229.1,471.49
07/01/2020,1083,239.3,4.67,230,473.79
08/01/2020,1101,238.8,4.66,228.2,471.01
09/01/2020,1065,238.1,4.73,230.5,478.32
10/01/2020,1056,237.9,4.73,229.2,476.09
13/01/2020,1078,239.1,4.77,232.2,479.57
14/01/2020,1057,239.1,4.79,233.5,478.73
15/01/2020,1071,241.5,4.81,232.8,479.64
16/01/2020,1085,241.9,4.83,233.8,480.17
17/01/2020,1086,241.9,4.87,236.2,482.74
20/01/2020,1088,241.1,4.89,236.9,482.03
21/01/2020,1087,241,4.86,235.2,474.28
22/01/2020,1093,241.8,4.87,236.1,482.58
23/01/2020,1085,242.6,4.86,234.7,477.52
24/01/2020,1087,243.5,4.87,236.7,480.77
27/01/2020,1112,245.3,4.8,235.4,471.42
28/01/2020,1106,245.6,4.78,235.8,469.05
29/01/2020,1085,244.7,4.82,236.3,473.45
30/01/2020,1099,246.1,4.79,234.6,471.95
31/01/2020,1090,245.2,4.77,233.9,470.81
03/02/2020,1101,245,4.72,233.6,469.6
04/02/2020,1093,244,4.79,235.2,477.57
05/02/2020,1071,242.7,4.85,235.7,480.9
06/02/2020,1085,242.7,4.9,237.4,483.16
07/02/2020,1097,243.6,4.92,238.7,481.1
10/02/2020,1090,243.8,4.9,238.5,478.46
11/02/2020,1101,243.6,4.94,240.2,481.27
12/02/2020,1100,244.1,4.91,239.7,481.16
13/02/2020,1094,243.5,4.89,239.6,480.38
14/02/2020,1087,243.2,4.9,240.3,479.08
17/02/2020,1085,243,4.93,242.3,481.33
18/02/2020,1080,243.2,4.92,241.8,481.65
19/02/2020,1127,243.5,4.94,242.9,484.58
20/02/2020,1147,244.2,4.99,242,485.05
21/02/2020,1147,244.7,4.93,242.3,480.67
24/02/2020,1204,247.3,4.85,241.1,469.06
25/02/2020,1182,246.6,4.71,238.9,463.95
26/02/2020,1152,247.5,4.6,233.8,449.84
27/02/2020,1167,247.5,4.62,232.1,452.16
28/02/2020,1110,248.6,4.44,220,430.13
02/03/2020,1055,248.9,4.46,217.8,437.55
03/03/2020,1061,248.1,4.64,225.5,447.72
04/03/2020,1102,249.6,4.56,227.3,444.91
05/03/2020,1126,249.4,4.63,229,441.3
06/03/2020,1152,254.5,4.5,222.3,430
09/03/2020,1049,264.4,4.23,207.1,406.09
10/03/2020,1031,256.5,4.24,209.3,413
11/03/2020,1065,255.7,4.36,210.5,404.33
12/03/2020,1007,258.2,4.19,197.2,378.13
13/03/2020,899.7,250.9,4.11,189,373.91
16/03/2020,757.9,251,3.92,178.8,356.49
17/03/2020,883.6,246.3,3.96,168.7,356.8
18/03/2020,926.9,242.3,4.13,164.9,361.09
19/03/2020,894.9,234.8,4.17,157.9,373.9
20/03/2020,906.5,248,4.14,163.3,384.97
23/03/2020,865.6,251.5,3.99,158.3,356.04
24/03/2020,936.8,253.6,4.01,160.7,365.12
25/03/2020,1035,252,4.11,168.1,390.24
26/03/2020,1053,252.6,4.16,170.9,392.56
27/03/2020,1019,252.1,4.26,172.8,394.77
30/03/2020,965.3,255.2,4.11,173,384.68
31/03/2020,938.7,252.4,4.28,175.3,402.89
01/04/2020,919.6,254.5,4.21,170.4,386.68
